atleta_id,apelido,posicao_id,clube_id,pontuacao,entrou_em_campo,DS,FC,FS,SG,FD,FF,I,FT,G,V,A,DE,GS,CA,PP,PS,CV,DP,GC,PC,clube_nome
39656,Alan Franco,4,2372,1.7,True,2.0,1.0,,,,,,,,,,,,1.0,,,,,,,Equador
61987,Alex Sandro,2,2318,4.7,True,,1.0,,1.0,,,,,,,,,,,,,,,,,Brasil
63007,Neymar,4,2318,1.7,True,,,1.0,,1.0,,,,,,,,,,,,,,,,Brasil
66177,Javier Aguirre,6,2360,9.77,True,,,,,,,,,,1.0,,,,,,,,,,,México
67746,Messi,5,2357,9.3,True,,,1.0,,,1.0,,,1.0,,,,,,,,,,,,Argentina
67812,Modric,4,2379,8.0,True,2.0,,,,,,,,,,1.0,,,,,,,,,,Croácia
67972,Cristiano Ronaldo,5,2390,1.7,True,,1.0,2.0,,1.0,,2.0,,,,,,,,,,,,,,Portugal
68296,Dick Advocaat,6,3221,3.34,True,,,,,,,,,,,,,,,,,,,,,Curaçao
68325,Marcelo Bielsa,6,2356,3.35,True,,,,,,,,,,,,,,,,,,,,,Uruguai
69063,James Rodríguez,4,2373,3.3,True,,,1.0,,1.0,2.0,,,,,,,,,,,,,,,Colômbia
69219,Otamendi,3,2357,1.9,True,1.0,1.0,,,,1.0,1.0,,,,,,,,,,,,,,Argentina
69241,Muslera,1,2356,-1.0,True,,,,,,,,,,,,,1.0,,,,,,,,Uruguai
69293,Neuer,1,2384,-0.7,True,,,,,,,,,,,,1.0,2.0,,,,,,,,Alemanha
69384,Arnautovic,5,2391,6.5,True,,1.0,,,,,2.0,,1.0,,,,,1.0,,,,,,,Áustria
69513,Ochoa,1,2360,5.0,True,,,,1.0,,,,,,,,,,,,,,,,,México
69726,Carlos Queiroz,6,2375,4.13,True,,,,,,,,,,,,,,,,,,,,,Gana
69783,Danilo,2,2318,4.6,True,1.0,3.0,,1.0,,,,,,,,,,1.0,,,,,,,Brasil
69945,Nagatomo,2,2369,1.5,True,1.0,,,,,,,,,,,,,,,,,,,,Japão
69973,Wood,5,2340,1.6,True,1.0,1.0,1.0,,,,1.0,,,,,,,,,,,,,,Nova Zelândia
70119,Casemiro,4,2318,3.2,True,2.0,1.0,1.0,,,,,,,,,,,,,,,,,,Brasil
70734,Vargas,1,2373,7.6,True,,,,1.0,,,,,,,,2.0,,,,,,,,,Colômbia
70788,Enner Valencia,5,2372,3.7,True,1.0,,2.0,,1.0,,,,,,,,,,,,,,,,Equador
70892,Carlo Ancelotti,6,2318,11.29,True,,,,,,,,,,1.0,,,,,,,,,,,Brasil
70911,Staale Solbakken,6,2323,4.02,True,,,,,,,,,,,,,,,,,,,,,Noruega
70972,Jordan Henderson,4,2370,1.5,True,1.0,,,,,,,,,,,,,,,,,,,,Inglaterra
71178,Alaba,3,2391,5.0,True,,,,,,,,,,,1.0,,,,,,,,,,Áustria
71184,Dzeko,5,2865,3.0,True,,,,,,,,1.0,,,,,,,,,,,,,Bósnia
71484,Ayew,5,2375,1.2,True,1.0,1.0,,,,,,,,,,,,,,,,,,,Gana
71485,Didier Deschamps,6,2385,10.91,True,,,,,,,,,,1.0,,,,,,,,,,,França
71543,Lukaku,5,2392,13.0,True,,,,,,,,,1.0,,1.0,,,,,,,,,,Bélgica
71684,Gustavo Gómez,3,2354,8.0,True,2.0,,,1.0,,,,,,,,,,,,,,,,,Paraguai
71701,Santi Arias,2,2373,9.2,True,3.0,1.0,,1.0,,,,,,,,,,,,,,,,,Colômbia
73303,Vincenzo Montella,6,2328,8.9,True,,,,,,,,,,1.0,,,,,,,,,,,Turquia
73526,Ralf Rangnick,6,2391,5.38,True,,,,,,,,,,,,,,,,,,,,,Áustria
74072,Marquinhos,3,2318,5.0,True,,,,1.0,,,,,,,,,,,,,,,,,Brasil
74161,Mauricio Pochettino,6,2365,4.15,True,,,,,,,,,,,,,,,,,,,,,Estados Unidos
77629,Ricardo Rodríguez,2,2320,1.1,True,1.0,3.0,1.0,,,,,,,,,,,,,,,,,,Suíça
77844,Kovacic,4,2379,6.5,True,1.0,,,,,,,,,,1.0,,,,,,,,,,Croácia
77904,Courtois,1,2392,0.3,True,,,,,,,,,,,,1.0,1.0,,,,,,,,Bélgica
78297,Al-Haydos,4,3238,9.7,True,1.0,1.0,1.0,,,,,,1.0,,,,,,,,,,,,Catar
79191,Gustavo Alfaro,6,2354,8.49,True,,,,,,,,,,,,,,,,,,,,,Paraguai
79259,Paredes,4,2357,0.0,True,,,,,,,,,,,,,,,,,,,,,Argentina
79544,Xhaka,4,2320,0.8,True,,,2.0,,,1.0,,,,,,,,1.0,,,,,,,Suíça
79826,Douglas Santos,2,2318,8.8,True,2.0,,,1.0,,1.0,,,,,,,,,,,,,,,Brasil
80401,Fabinho,4,2318,-1.3,True,,1.0,,,,,,,,,,,,1.0,,,,,,,Brasil
80507,Perisic,5,2379,2.9,True,2.0,1.0,,,1.0,,,,,,,,,1.0,,,,,,,Croácia
80617,Salah,5,2324,0.7,True,,1.0,2.0,,,,,,,,,,,,,,,,,,Egito
80647,Payne,2,2340,2.0,True,1.0,,1.0,,,,,,,,,,,,,,,,,,Nova Zelândia
80695,Hong Myung-Bo,6,2374,2.43,True,,,,,,,,,,,,,,,,,,,,,Coreia do Sul
80951,Bono,1,2332,-3.7,True,,,,,,,,,,,,1.0,2.0,,,,,,1.0,,Marrocos
80953,Partey,4,2375,5.2,True,3.0,1.0,2.0,,,,,,,,,,,,,,,,,,Gana
81141,Vladimir Petkovic,6,2338,5.05,True,,,,,,,,,,,,,,,,,,,,,Argélia
81462,Jalal Hassan,1,2342,3.8,True,,,,,,,,,,,,6.0,4.0,,,,,,,,Iraque
81779,Irvine,4,2333,4.2,True,2.0,1.0,1.0,,1.0,1.0,,,,,,,,1.0,,,,,,,Austrália
81786,Quintero,4,2373,0.0,True,,,,,,,,,,,,,,,,,,,,,Colômbia
81829,Quintero,4,3062,0.0,True,,,,,,,,,,,,,,,,,,,,,Panamá
81947,Laporte,3,2326,5.2,True,,1.0,1.0,1.0,,,,,,,,,,,,,,,,,Espanha
81958,João Cancelo,2,2390,6.5,True,1.0,,,1.0,,,,,,,,,,,,,,,,,Portugal
82002,Kim Seung-Gyu,1,2374,2.9,True,,,,,,,,,,,,3.0,1.0,,,,,,,,Coreia do Sul
82033,Rabia,3,2324,0.0,True,,,,,,,,,,,,,,,,,,,,,Egito
82039,Trézéguet,4,2324,3.9,True,,1.0,2.0,,2.0,1.0,,,,,,,,,,,,,,,Egito
82042,Hajime Moriyasu,6,2369,4.7,True,,,,,,,,,,,,,,,,,,,,,Japão
82060,Son Heung-Min,5,2374,0.5,True,,,1.0,,,,,,,,,,,,,,,,,,Coreia do Sul
82062,Pickford,1,2370,7.6,True,,,,1.0,,,,,,,,2.0,,,,,,,,,Inglaterra
82232,Harry Kane,5,2370,9.0,True,,2.0,1.0,,1.0,,1.0,,1.0,,,,,,,,,,,,Inglaterra
82257,Roberto Martínez,6,2390,6.62,True,,,,,,,,,,,,,,,,,,,,,Portugal
82275,Steve Clarke,6,2327,1.75,True,,,,,,,,,,,,,,,,,,,,,Escócia
82295,Aké,2,2381,2.7,True,1.0,2.0,2.0,,,1.0,,,,,,,,,,,,,,,Holanda
82896,Alisson,1,2318,10.2,True,,,,1.0,,,,,,,,4.0,,,,,,,,,Brasil
83119,Kolasinac,2,2865,3.5,True,2.0,,1.0,,,,,,,,,,,,,,,,,,Bósnia
84061,Murat Yakin,6,2320,5.61,True,,,,,,,,,,1.0,,,,,,,,,,,Suíça
84774,Rüdiger,3,2384,1.5,True,1.0,,,,,,,,,,,,,,,,,,,,Alemanha
84783,Khedira,4,2337,-0.6,True,,2.0,,,,,,,,,,,,,,,,,,,Tunísia
84808,Rudi Garcia,6,2392,9.64,True,,,,,,,,,,1.0,,,,,,,,,,,Bélgica
84816,Varela,2,2356,-0.5,True,,,1.0,,,,,,,,,,,1.0,,,,,,,Uruguai
84990,Maignan,1,2385,8.6,True,,,,,,,,,,,,2.0,1.0,,,,,1.0,,,França
85044,Locadia,5,3221,-0.3,True,,1.0,,,,,,,,,,,,,,,,,,,Curaçao
85048,Memphis,5,2381,0.0,True,,,,,,,,,,,,,,,,,,,,,Holanda
85050,Brenet,2,3221,1.9,True,1.0,,1.0,,,,1.0,,,,,,,,,,,,,,Curaçao
85084,De Bruyne,4,2392,13.9,True,1.0,,,,1.0,4.0,,,1.0,,,,,,,,,,,,Bélgica
85181,Van Dijk,3,2381,7.9,True,1.0,1.0,1.0,,1.0,,,,,,1.0,,,,,,,,,,Holanda
85684,Córdoba,5,2373,2.4,True,,,1.0,,1.0,1.0,1.0,,,,,,,,,,,,,,Colômbia
85788,Ayhan,4,2328,9.5,True,1.0,,,,,,,,1.0,,,,,,,,,,,,Turquia
85914,Hossam Hassan,6,2324,3.45,True,,,,,,,,,,,,,,,,,,,,,Egito
86008,Placide,1,2334,6.7,True,,,,,,,,,,,,9.0,4.0,1.0,,,,,,,Haiti
86013,Mandi,3,2338,0.5,True,,,1.0,,,,,,,,,,,,,,,,,,Argélia
86213,Tah,3,2384,1.2,True,1.0,1.0,,,,,,,,,,,,,,,,,,,Alemanha
86256,Gana Gueye,4,2347,5.5,True,3.0,1.0,1.0,,,1.0,,,,,,,,,,,,,,,Senegal
86260,Ryan Mendes,5,3201,2.7,True,2.0,1.0,,,,,,,,,,,,,,,,,,,Cabo Verde
86847,Widmer,2,2320,0.0,True,,,,,,,,,,,,,,,,,,,,,Suíça
86849,Bruno Fernandes,4,2390,3.0,True,,,2.0,,1.0,1.0,,,,,,,,,,,,,,,Portugal
87094,Bentaleb,4,2338,0.0,True,,,,,,,,,,,,,,,,,,,,,Argélia
87416,Masuaku,2,3184,2.5,True,1.0,,2.0,,,,,,,,,,,,,,,,,,RD Congo
87588,Williams,1,2358,7.6,True,,,,1.0,,,,,,,,2.0,,,,,,,,,África do Sul
87722,Garry Rodrigues,5,3201,-0.2,True,,,,,,,2.0,,,,,,,,,,,,,,Cabo Verde
88045,Leandro Bacuna,4,3221,2.8,True,1.0,,1.0,,,1.0,,,,,,,,,,,,,,,Curaçao
88108,Thomas Tuchel,6,2370,10.37,True,,,,,,,,,,1.0,,,,,,,,,,,Inglaterra
88312,Junior Alonso,3,2354,4.7,True,,1.0,,1.0,,,,,,,,,,,,,,,,,Paraguai
88472,Bakambu,5,3184,-0.2,True,,,,,,,2.0,,,,,,,,,,,,,,RD Congo
88473,Hervé Renard,6,2337,4.07,True,,,,,,,,,,,,,,,,,,,,,Tunísia
88559,Steven Moreira,2,3201,5.0,True,,,,1.0,,,,,,,,,,,,,,,,,Cabo Verde
88676,Mario Pasalic,4,2379,1.2,True,,,,,1.0,,,,,,,,,,,,,,,,Croácia
88745,Mahrez,5,2338,19.7,True,2.0,1.0,2.0,,,,,,2.0,,,,,,,,,,,,Argélia
88775,Jahanbakhsh,4,2336,0.0,True,,,,,,,,,,,,,,,,,,,,,Irã
88878,Velázquez,2,2354,5.0,True,,,,1.0,,,,,,,,,,,,,,,,,Paraguai
89016,Ronald Koeman,6,2381,6.63,True,,,,,,,,,,1.0,,,,,,,,,,,Holanda
89019,Dibu Martínez,1,2357,-1.0,True,,,,,,,,,,,,,1.0,,,,,,,,Argentina
89086,Julen Lopetegui,6,3238,2.66,True,,,,,,,,,,,,,,,,,,,,,Catar
89091,Rúben Neves,4,2390,1.6,True,,,,,,2.0,,,,,,,,,,,,,,,Portugal
89161,Sané,4,2384,9.1,True,,2.0,1.0,,1.0,,,,1.0,,,,,,,,,,,,Alemanha
89189,Mané,5,2347,6.8,True,,,2.0,,1.0,2.0,,1.0,,,,,,,,,,,,,Senegal
89195,Robertson,2,2327,0.0,True,,,,,,,,,,,,,,,,,,,,,Escócia
89282,Embolo,5,2320,10.0,True,1.0,3.0,4.0,,2.0,,,,,,1.0,,,,,,,,,,Suíça
89296,Georgios Donis,6,2344,7.61,True,,,,,,,,,,,,,,,,,,,,,Arábia Saudita
89766,Sabitzer,4,2391,7.7,True,,1.0,,,,,,,1.0,,,,,,,,,,,,Áustria
89825,Davinson Sánchez,3,2373,5.7,True,,,,1.0,,1.0,1.0,,,,,,,,,,,,,,Colômbia
89843,Cubas,4,2354,10.0,True,6.0,1.0,1.0,,,1.0,,,,,,,,,,,,,,,Paraguai
90043,Skhiri,4,2337,-2.5,True,,,1.0,,,,,,,,,,,,,,,,1.0,,Tunísia
90196,Llorente,2,2326,14.2,True,3.0,1.0,,1.0,,,,,,,1.0,,,,,,,,,,Espanha
90375,Diaw,1,2347,6.3,True,,,,1.0,,,,,,,,1.0,,,,,,,,,Senegal
91458,Behich,2,2333,9.0,True,2.0,,2.0,1.0,,,,,,,,,,,,,,,,,Austrália
91635,Bongonda,5,3184,2.3,True,1.0,,,,,1.0,,,,,,,,,,,,,,,RD Congo
91886,Bentancur,4,2356,8.4,True,5.0,3.0,2.0,,,1.0,,,,,,,,,,,,,,,Uruguai
92088,Crépeau,1,2361,0.6,True,,,,,,,,,,,,2.0,2.0,,,,,,,,Canadá
92112,Escobar,3,3062,4.2,True,3.0,1.0,,,,,,,,,,,,,,,,,,,Panamá
92118,Bárcenas,4,3062,0.2,True,,1.0,1.0,,,,,,,,,,,,,,,,,,Panamá
92185,Murillo,2,3062,2.2,True,,,3.0,,,1.0,1.0,,,,,,,,,,,,,,Panamá
92235,Kimmich,2,2384,3.0,True,1.0,,3.0,,,,,,,,,,,,,,,,,,Alemanha
92289,Gregoritsch,5,2391,4.7,True,,1.0,,,,,,,,,1.0,,,,,,,,,,Áustria
92347,Mechele,3,2392,-0.6,True,,2.0,,,,,,,,,,,,,,,,,,,Bélgica
92351,Vanaken,4,2392,1.8,True,,,2.0,,,1.0,,,,,,,,,,,,,,,Bélgica
92399,Bensebaini,3,2338,0.0,True,,,,,,,,,,,,,,,,,,,,,Argélia
92446,Mbemba,3,3184,1.3,True,,,1.0,,,1.0,,,,,,,,,,,,,,,RD Congo
92510,Fabián Ruiz,4,2326,0.5,True,,,1.0,,,,,,,,,,,,,,,,,,Espanha
92707,Lerma,4,2373,1.2,True,,,,,1.0,,,,,,,,,,,,,,,,Colômbia
92755,Canale,3,2354,5.0,True,,,,1.0,,,,,,,,,,,,,,,,,Paraguai
92805,Elvedi,3,2320,1.5,True,1.0,,,,,,,,,,,,,,,,,,,,Suíça
93006,Lienhart,3,2391,0.8,True,,,,,,1.0,,,,,,,,,,,,,,,Áustria
93249,Larin,5,2361,-0.1,True,,,,,1.0,,3.0,,,,,,,1.0,,,,,,,Canadá
93279,Rashford,5,2370,4.7,True,1.0,1.0,,,1.0,3.0,1.0,,,,,,,,,,,,,,Inglaterra
93289,Lindelöf,3,2368,3.0,True,2.0,,,,,,,,,,,,,,,,,,,,Suécia
93327,Arcus,2,2334,1.5,True,1.0,,,,,,,,,,,,,,,,,,,,Haiti
93334,Oyarzabal,5,2326,2.3,True,1.0,,,,,1.0,,,,,,,,,,,,,,,Espanha
93408,Seri,4,2350,0.0,True,,,,,,,,,,,,,,,,,,,,,Costa do Marfim
93954,Watkins,5,2370,0.0,True,,,,,,,,,,,,,,,,,,,,,Inglaterra
94073,Mathías Olivera,2,2356,6.6,True,4.0,2.0,,,1.0,,,,,,,,,,,,,,,,Uruguai
94103,Gabriel Magalhães,3,2318,9.5,True,3.0,,,1.0,,,,,,,,,,,,,,,,,Brasil
94849,Lo Celso,4,2357,8.1,True,,1.0,1.0,,,,1.0,,1.0,,,,,,,,,,,,Argentina
94868,Estupiñán,2,2372,-0.3,True,,1.0,,,,,,,,,,,,,,,,,,,Equador
94877,Laryea,2,2361,3.4,True,1.0,2.0,5.0,,,,,,,,,,,,,,,,,,Canadá
94917,Palacios,4,2357,1.7,True,1.0,1.0,1.0,,,,,,,,,,,,,,,,,,Argentina
94919,Pulisic,4,2365,6.4,True,,,3.0,,1.0,1.0,1.0,1.0,,,,,,,,,,,,,Estados Unidos
94930,Lucas Paquetá,4,2318,3.3,True,1.0,,2.0,,,1.0,,,,,,,,,,,,,,,Brasil
94965,Rúben Dias,3,2390,5.9,True,1.0,2.0,,1.0,,,,,,,,,,,,,,,,,Portugal
95063,Mbappé,5,2385,16.5,True,1.0,,,,1.0,1.0,,1.0,,,2.0,,,,,,,,,,França
95282,Lautaro Martínez,5,2357,16.6,True,2.0,1.0,,,,,1.0,2.0,1.0,,,,,,,,,,,,Argentina
95456,Rodri,4,2326,3.6,True,3.0,3.0,,,,,,,,,,,,,,,,,,,Espanha
95520,Gallardo,2,2360,5.0,True,,,,1.0,,,,,,,,,,,,,,,,,México
95534,Dembélé,5,2385,23.9,True,,,,,,,1.0,,3.0,,,,,,,,,,,,França
95573,Gross,4,2384,3.5,True,2.0,1.0,,,,1.0,,,,,,,,,,,,,,,Alemanha
95690,Söyüncü,3,2328,0.0,True,,,,,,,,,,,,,,,,,,,,,Turquia
95720,Nazon,5,2334,0.7,True,,,1.0,,1.0,,,,,,,,,1.0,,,,,,,Haiti
95723,Davis,2,3062,2.8,True,1.0,,1.0,,,1.0,,,,,,,,,,,,,,,Panamá
95728,Ismael Díaz,5,3062,4.5,True,1.0,,,,,4.0,2.0,,,,,,,,,,,,,,Panamá
95777,Schick,5,2352,-0.3,True,,1.0,,,,,,,,,,,,,,,,,,,República Tcheca
95887,Deiver Machado,2,2373,5.7,True,,1.0,2.0,1.0,,,,,,,,,,,,,,,,,Colômbia
95893,Montes,3,2360,6.7,True,1.0,1.0,1.0,1.0,,,,,,,,,,,,,,,,,México
95972,Modiba,2,2358,5.9,True,1.0,1.0,,1.0,,1.0,1.0,,,,,,,1.0,,,,,,,África do Sul
95995,Sema,5,2368,2.0,True,1.0,,1.0,,,,,,,,,,,,,,,,,,Suécia
96026,Hwang Hee-Chan,5,2374,2.0,True,1.0,1.0,,,,1.0,,,,,,,,,,,,,,,Coreia do Sul
96330,Ogawa,5,2369,0.5,True,,1.0,,,,1.0,,,,,,,,,,,,,,,Japão
96343,Tuanzebe,3,3184,2.5,True,1.0,,2.0,,,,,,,,,,,,,,,,,,RD Congo
96364,Gunn,1,2327,3.5,True,,,,,,,,,,,,5.0,3.0,,,,,,,,Escócia
96538,Theo Hernández,2,2385,3.3,True,1.0,1.0,3.0,,,2.0,,,,,,,,,,,,,,1.0,França
96566,Tierney,2,2327,0.2,True,,1.0,1.0,,,,,,,,,,,,,,,,,,Escócia
96569,Christie,4,2327,-0.8,True,,1.0,1.0,,,,,,,,,,,1.0,,,,,,,Escócia
96575,Sow,4,2320,1.2,True,1.0,1.0,,,,,,,,,,,,,,,,,,,Suíça
96585,Ezatolahi,4,2336,8.4,True,3.0,3.0,4.0,,,1.0,,1.0,,,,,,1.0,,,,,,,Irã
96670,Sangaré,4,2350,11.7,True,4.0,1.0,2.0,,,,,,,,1.0,,,,,,,,,,Costa do Marfim
96681,Tagliafico,2,2357,0.7,True,,1.0,2.0,,,,,,,,,,,,,,,,,,Argentina
96797,Afif,5,3238,3.4,True,1.0,,1.0,,,2.0,2.0,,,,,,,,,,,,,,Catar
96809,Livakovic,1,2379,-0.5,True,,,1.0,,,,,,,,,,1.0,,,,,,,,Croácia
96822,Dani Olmo,4,2326,1.5,True,,1.0,2.0,,,1.0,,,,,,,,,,,,,,,Espanha
96829,Ralston,2,2327,-0.3,True,,1.0,,,,,,,,,,,,,,,,,,,Escócia
96833,Mateta,5,2385,0.0,True,,,,,,,,,,,,,,,,,,,,,França
96838,Merino,4,2326,4.4,True,3.0,2.0,1.0,,,,,,,,,,,,,,,,,,Espanha
96865,Özcan,4,2328,7.4,True,5.0,2.0,1.0,,,,,,,,,,,,,,,,,,Turquia
97054,Akanji,3,2320,3.0,True,2.0,,,,,,,,,,,,,,,,,,,,Suíça
97089,Alderete,3,2354,7.0,True,1.0,,1.0,1.0,,,,,,,,,,,,,,,,,Paraguai
97127,Freuler,4,2320,1.4,True,1.0,2.0,1.0,,,,,,,,,,,,,,,,,,Suíça
97128,Kessié,4,2350,1.3,True,,1.0,,,,2.0,,,,,,,,,,,,,,,Costa do Marfim
97147,Senesi,3,2357,3.8,True,1.0,,1.0,,,1.0,,,,,,,,,,1.0,,,,,Argentina
97185,Budimir,5,2379,-0.9,True,,3.0,,,,,,,,,,,,,,,,,,,Croácia
97214,Julian Nagelsmann,6,2384,3.93,True,,,,,,,,,,,,,,,,,,,,,Alemanha
97246,Tielemans,4,2392,2.0,True,,1.0,3.0,,,1.0,,,,,,,,,,,,,,,Bélgica
97270,McGinn,4,2327,2.0,True,,,4.0,,,,,,,,,,,,,,,,,,Escócia
97348,Havertz,5,2384,2.7,True,1.0,,,,1.0,,,,,,,,,,,,,,,,Alemanha
97395,Edson Álvarez,4,2360,1.3,True,2.0,4.0,1.0,,,,,,,,,,,1.0,,,,,,,México
97642,Félix Torres,3,2372,0.0,True,,,,,,,,,,,,,,,,,,,,,Equador
97656,Unai Simón,1,2326,8.9,True,,,,1.0,,,,,,,,3.0,,,,,,,,,Espanha
97698,Isak,5,2368,4.1,True,,,,,1.0,,1.0,1.0,,,,,,,,,,,,,Suécia
98019,Hakimi,2,2332,17.6,True,1.0,1.0,2.0,,2.0,,,,1.0,,1.0,,,,,,,,,,Marrocos
98141,Wan-Bissaka,2,3184,1.5,True,1.0,,,,,,,,,,,,,,,,,,,,RD Congo
98147,Grillitsch,4,2391,-0.6,True,,2.0,,,,,,,,,,,,,,,,,,,Áustria
98352,Bruno Guimarães,4,2318,12.2,True,1.0,1.0,2.0,,,,,,,,2.0,,,,,,,,,,Brasil
99014,Aouar,4,2338,14.2,True,3.0,1.0,,,,,,,,,2.0,,,,,,,,,,Argélia
99134,Danso,3,2391,0.8,True,,,,,,1.0,,,,,,,,,,,,,,,Áustria
99144,Kobel,1,2320,7.3,True,,,1.0,,,,,,,,,6.0,1.0,,,,,,,,Suíça
99228,De la Cruz,4,2356,3.1,True,2.0,2.0,1.0,,1.0,,,,,,,,,1.0,,,,,,,Uruguai
99277,Sebastián Beccacece,6,2372,6.59,True,,,,,,,,,,1.0,,,,,,,,,,,Equador
99282,Jordy Caicedo,5,2372,0.0,True,,,,,,,,,,,,,,,,,,,,,Equador
99325,Delcroix,3,2334,1.2,True,1.0,1.0,,,,,,,,,,,,,,,,,,,Haiti
99331,Pépé,5,2350,16.1,True,1.0,1.0,,,,,1.0,,2.0,,,,,1.0,,,,,,,Costa do Marfim
99405,Ismaïla Sarr,5,2347,15.9,True,,,2.0,,1.0,1.0,1.0,,1.0,,1.0,,,,,,,,,,Senegal
99481,McTominay,4,2327,5.6,True,1.0,1.0,,,3.0,1.0,,,,,,,,,,,,,,,Escócia
99514,Kluivert,4,2381,1.0,True,,,2.0,,,,,,,,,,,,,,,,,,Holanda
99515,De Jong,4,2381,4.7,True,3.0,1.0,1.0,,,,,,,,,,,,,,,,,,Holanda
99535,Vini Jr.,5,2318,22.3,True,,1.0,3.0,,3.0,2.0,1.0,,2.0,,,,,,,,,,,,Brasil
99684,Hrustic,4,2333,3.0,True,2.0,,,,,,,,,,,,,,,,,,,,Austrália
99705,Hugo Broos,6,2358,7.81,True,,,,,,,,,,1.0,,,,,,,,,,,África do Sul
99712,Boxall,3,2340,-0.3,True,,1.0,,,,,,,,,,,,,,,,,,,Nova Zelândia
99715,Ryan Thomas,4,2340,4.7,True,3.0,1.0,1.0,,,,,,,,,,,,,,,,,,Nova Zelândia
99748,Galíndez,1,2372,1.6,True,,,,,,,,,,,,2.0,1.0,,,,,,,,Equador
99815,Jhon Arias,4,2373,7.7,True,3.0,3.0,1.0,,3.0,,,,,,,,,,,,,,,,Colômbia
99851,Pedro Neto,5,2390,-0.1,True,,2.0,1.0,,,,,,,,,,,,,,,,,,Portugal
99857,Valverde,4,2356,3.0,True,2.0,,,,,,,,,,,,,,,,,,,,Uruguai
99997,Posch,2,2391,5.0,True,3.0,,1.0,,,,,,,,,,,,,,,,,,Áustria
100008,Kahveci,4,2328,1.5,True,1.0,,,,,,,,,,,,,,,,,,,,Turquia
100038,Niakhaté,3,2347,4.6,True,,3.0,1.0,1.0,,,,,,,,,,,,,,,,,Senegal
100098,Demirovic,5,2865,0.5,True,,4.0,1.0,,1.0,,,,,,,,,,,,,,,,Bósnia
100124,Soucek,4,2352,-0.3,True,,1.0,,,,,,,,,,,,,,,,,,,República Tcheca
100190,Luis Díaz,5,2373,1.5,True,,,,,,2.0,1.0,,,,,,,,,,,,,,Colômbia
100223,Amrabat,4,2332,4.7,True,3.0,1.0,1.0,,,,,,,,,,,,,,,,,,Marrocos
100316,McKennie,4,2365,5.5,True,2.0,1.0,,,1.0,2.0,,,,,,,,,,,,,,,Estados Unidos
100318,Vlasic,4,2379,11.9,True,1.0,2.0,,,,,,1.0,1.0,,,,,,,,,,,,Croácia
100320,Gouiri,5,2338,0.0,True,,,,,,,,,,,,,,,,,,,,,Argélia
100414,Souttar,3,2333,6.5,True,1.0,,,1.0,,,,,,,,,,,,,,,,,Austrália
100539,Zlatko Dalic,6,2379,5.45,True,,,,,,,,,,1.0,,,,,,,,,,,Croácia
100627,Upamecano,3,2385,1.2,True,1.0,1.0,,,,,,,,,,,,,,,,,,,França
100628,Konaté,3,2385,0.0,True,,,,,,,,,,,,,,,,,,,,,França
100629,Laimer,2,2391,9.1,True,2.0,,,,1.0,,1.0,,,,1.0,,,,,,,,,,Áustria
100689,Crocombe,1,2340,1.5,True,,,,,,,,,,,,5.0,5.0,,,,,,,,Nova Zelândia
100692,Al-Owais,1,2344,8.9,True,,,,1.0,,,,,,,,3.0,,,,,,,,,Arábia Saudita
100730,Joris Kayembe,2,3184,0.0,True,,,,,,,,,,,,,,,,,,,,,RD Congo
100731,Moutoussamy,4,3184,1.7,True,2.0,1.0,,,,,,,,,,,,1.0,,,,,,,RD Congo
100739,Itten,5,2320,-0.3,True,,1.0,,,,,,,,,,,,,,,,,,,Suíça
100745,Brahim Díaz,4,2332,4.8,True,2.0,,2.0,,,1.0,,,,,,,,,,,,,,,Marrocos
100815,Nuno da Costa,5,3201,1.3,True,,,1.0,,,1.0,,,,,,,,,,,,,,,Cabo Verde
100836,McCowatt,4,2340,-0.6,True,,2.0,,,,,,,,,,,,,,,,,,,Nova Zelândia
100930,Burnic,4,2865,0.0,True,,,,,,,,,,,,,,,,,,,,,Bósnia
101096,Room,1,3221,-0.7,True,,,,,,,,,,,,1.0,2.0,,,,,,,,Curaçao
101098,Luckassen,3,2375,8.5,True,,,1.0,,,,,,1.0,,,,,,,,,,,,Gana
101124,O'Neill,4,2333,7.3,True,4.0,,1.0,,,1.0,,,,,,,,,,,,,,,Austrália
101382,Gakpo,5,2381,-0.1,True,,,,,,,1.0,,,,,,,,,,,,,,Holanda
101384,Obispo,3,3221,2.7,True,2.0,1.0,,,,,,,,,,,,,,,,,,,Curaçao
101385,Malen,5,2381,1.8,True,,,2.0,,,1.0,,,,,,,,,,,,,,,Holanda
101843,Ferran Torres,5,2326,3.5,True,,,1.0,,,,,1.0,,,,,,,,,,,,,Espanha
101851,Gabriel Martinelli,5,2318,-0.6,True,,2.0,,,,,,,,,,,,,,,,,,,Brasil
101932,Graham Potter,6,2368,4.22,True,,,,,,,,,,,,,,,,,,,,,Suécia
101937,Ghoddos,4,2336,2.4,True,2.0,2.0,,,,,,,,,,,,,,,,,,,Irã
102288,Weah,5,2365,-0.2,True,,,,,,,2.0,,,,,,,,,,,,,,Estados Unidos
102303,Dalot,2,2390,9.3,True,2.0,,1.0,1.0,,1.0,,,,,,,,,,,,,,,Portugal
102611,Salem Al-Dawsari,5,2344,-0.1,True,,2.0,1.0,,,,,,,,,,,,,,,,,,Arábia Saudita
102697,Kamada,4,2369,2.6,True,1.0,1.0,3.0,,,,1.0,,,,,,,,,,,,,,Japão
102709,El Kaabi,5,2332,2.3,True,,1.0,1.0,,2.0,,3.0,,,,,,,,,,,,,,Marrocos
102739,Adé,3,2334,0.9,True,1.0,2.0,,,,,,,,,,,,,,,,,,,Haiti
102754,Xaver Schlager,4,2391,3.5,True,2.0,1.0,,,,1.0,,,,,,,,,,,,,,,Áustria
102767,Puma Rodríguez,4,3062,1.9,True,,2.0,1.0,,1.0,1.0,,,,,,,,,,,,,,,Panamá
102770,Taremi,5,2336,1.4,True,2.0,1.0,1.0,,1.0,,,,,,,,,,1.0,1.0,,,,,Irã
102775,Rezaeian,2,2336,12.4,True,2.0,2.0,1.0,,,2.0,1.0,,1.0,,,,,,,,,,,,Irã
102777,Mohammadi,2,2336,5.8,True,3.0,1.0,1.0,,1.0,,1.0,,,,,,,,,,,,,,Irã
102784,Beiranvand,1,2336,1.6,True,,,,,,,,,,,,2.0,1.0,,,,,,,,Irã
102822,Ganiev,4,3061,1.2,True,1.0,1.0,,,,,,,,,,,,,,,,,,,Uzbequistão
102832,Ashurmatov,3,3061,1.5,True,1.0,,,,,,,,,,,,,,,,,,,,Uzbequistão
102838,Kanno,4,2344,6.0,True,4.0,4.0,,,1.0,,,,,,,,,,,,,,,,Arábia Saudita
102842,Al-Khaibari,4,2344,1.0,True,,,2.0,,,,,,,,,,,,,,,,,,Arábia Saudita
102928,Canobbio,5,2356,-0.5,True,1.0,3.0,4.0,,,,1.0,,,,,,,,,,1.0,,,,Uruguai
102931,Brian Rodríguez,5,2356,0.0,True,,,,,,,,,,,,,,,,,,,,,Uruguai
102935,Darwin Núñez,5,2356,0.3,True,,,1.0,,,,2.0,,,,,,,,,,,,,,Uruguai
103005,Isidor,5,2334,11.5,True,2.0,,1.0,,,,,,1.0,,,,,,,,,,,,Haiti
103059,Juninho Bacuna,4,3221,4.9,True,4.0,3.0,,,,1.0,,,,,,,,1.0,,,,,,,Curaçao
103067,Cucurella,2,2326,5.5,True,,,1.0,1.0,,,,,,,,,,,,,,,,,Espanha
103110,Gyökeres,5,2368,5.2,True,,2.0,2.0,,,1.0,,,,,1.0,,,1.0,,,,,,,Suécia
103149,Aït-Nouri,2,2338,-0.3,True,,1.0,,,,,,,,,,,,,,,,,,,Argélia
103187,Paik Seung-Ho,4,2374,0.0,True,,,,,,,,,,,,,,,,,,,,,Coreia do Sul
103269,Lionel Scaloni,6,2357,6.05,True,,,,,,,,,,1.0,,,,,,,,,,,Argentina
103318,Lucumí,3,2373,6.2,True,1.0,1.0,,1.0,,,,,,,,,,,,,,,,,Colômbia
103351,Dumfries,2,2381,4.0,True,1.0,,1.0,,1.0,1.0,,,,,,,,,,,,,,,Holanda
103453,Sibo,4,2375,0.6,True,1.0,3.0,,,,,,,,,,,,,,,,,,,Gana
103461,Fassnacht,4,2320,0.0,True,,,,,,,,,,,,,,,,,,,,,Suíça
103470,Aebischer,4,2320,0.9,True,1.0,2.0,,,,,,,,,,,,,,,,,,,Suíça
103542,Sulaka,3,2342,-3.3,True,,1.0,,,,,,,,,,,,,,,1.0,,,,Iraque
103561,Castagne,2,2392,5.3,True,3.0,,,,,1.0,,,,,,,,,,,,,,,Bélgica
103612,Chory,5,2352,0.0,True,,,,,,,,,,,,,,,,,,,,,República Tcheca
103629,Chong,4,3221,5.4,True,1.0,1.0,2.0,,2.0,1.0,,,,,,,,,,,,,,,Curaçao
103646,Celik,2,2328,4.5,True,3.0,,,,,,,,,,,,,,,,,,,,Turquia
103648,Rafael Leão,5,2390,1.3,True,,,1.0,,,1.0,,,,,,,,,,,,,,,Portugal
103687,Julián Álvarez,5,2357,2.7,True,1.0,,,,1.0,,,,,,,,,,,,,,,,Argentina
103713,Alvarado,4,2360,7.3,True,1.0,,,,,1.0,,,,,1.0,,,,,,,,,,México
103756,Tchouaméni,4,2385,17.4,True,9.0,3.0,,,,1.0,,,,,1.0,,,1.0,,,,,,,França
103759,Koundé,2,2385,4.7,True,3.0,1.0,1.0,,,,,,,,,,,,,,,,,,França
103775,Valery,2,2337,2.9,True,2.0,,,,,,1.0,,,,,,,,,,,,,,Tunísia
103857,Sadílek,4,2352,4.8,True,2.0,,2.0,,,1.0,,,,,,,,,,,,,,,República Tcheca
103893,Zendejas,5,2365,-0.3,True,,1.0,,,,,,,,,,,,,,,,,,,Estados Unidos
103898,Nmecha,4,2384,2.3,True,1.0,,,,,1.0,,,,,,,,,,,,,,,Alemanha
103900,Lee Kang-In,4,2374,1.8,True,,,2.0,,,1.0,,,,,,,,,,,,,,,Coreia do Sul
103976,Saka,5,2370,7.1,True,,1.0,1.0,,1.0,1.0,1.0,,,,1.0,,,,,,,,,,Inglaterra
104038,Mazraoui,2,2332,0.0,True,,,,,,,,,,,,,,,,,,,,,Marrocos
104042,Gravenberch,4,2381,4.5,True,2.0,2.0,1.0,,,2.0,,,,,,,,,,,,,,,Holanda
104208,Lang,5,2381,0.0,True,,,,,,,,,,,,,,,,,,,,,Holanda
104781,Cáceres,3,2356,0.0,True,,,,,,,,,,,,,,,,,,,,,Uruguai
105267,Trossard,5,2392,20.7,True,1.0,1.0,1.0,,,,,1.0,2.0,,,,,,,,,,,,Bélgica
105288,João Félix,5,2390,7.6,True,4.0,,,,,2.0,,,,,,,,,,,,,,,Portugal
105290,Coufal,2,2352,0.7,True,,1.0,2.0,,,,,,,,,,,,,,,,,,República Tcheca
105303,Mosquera,1,3062,4.5,True,,,,,,,,,,,,5.0,2.0,,,,,,,,Panamá
105314,Harvey,4,3062,2.2,True,1.0,2.0,1.0,,,1.0,,,,,,,,,,,,,,,Panamá
105361,Fajardo,5,3062,-1.2,True,,2.0,1.0,,,,1.0,,,,,,,1.0,,,,,,,Panamá
105605,Matheus Cunha,5,2318,13.4,True,2.0,,,,,3.0,,,1.0,,,,,,,,,,,,Brasil
105647,Maurício,4,2354,3.6,True,1.0,1.0,,,2.0,,,,,,,,,,,,,,,,Paraguai
105728,Ueda,5,2369,0.3,True,,2.0,2.0,,,,1.0,,,,,,,,,,,,,,Japão
105729,Maeda,5,2369,14.1,True,4.0,2.0,,,,1.0,1.0,,1.0,,,,,,,,,,,,Japão
105736,Itakura,3,2369,0.0,True,,,,,,,,,,,,,,,,,,,,,Japão
105789,Almoez Ali,5,3238,1.2,True,,,,,1.0,,,,,,,,,,,,,,,,Catar
105790,Boudiaf,4,3238,0.5,True,,,1.0,,,,,,,,,,,,,,,,,,Catar
105792,Khoukhi,3,3238,0.8,True,,,,,,1.0,,,,,,,,,,,,,,,Catar
105794,Fathi,4,3238,1.7,True,2.0,1.0,,,,,,,,,,,,1.0,,,,,,,Catar
105797,Pedro Miguel,3,3238,7.5,True,1.0,,2.0,,1.0,1.0,,1.0,,,,,,,,,,,,,Catar
105803,Alaaeldin,5,3238,0.2,True,,1.0,1.0,,,,,,,,,,,,,,,,,,Catar
105804,Hatim Mohamed,4,3238,-0.3,True,,1.0,,,,,,,,,,,,,,,,,,,Catar
105919,Singh,4,2340,0.0,True,,,,,,,,,,,,,,,,,,,,,Nova Zelândia
105922,Stiller,4,2384,1.5,True,1.0,,,,,,,,,,,,,,,,,,,,Alemanha
105924,Fidalgo,4,2360,8.0,True,,,,,,,,,1.0,,,,,,,,,,,,México
105949,Rochet,1,2356,0.0,True,,,,,,,,,,,,,,,,,,,,,Uruguai
105952,Mac Allister,4,2357,3.0,True,1.0,,3.0,,,,,,,,,,,,,,,,,,Argentina
105969,Maxi Araújo,4,2356,2.8,True,1.0,,3.0,,,,2.0,,,,,,,,,,,,,,Uruguai
105996,Sanabria,4,2356,9.2,True,7.0,1.0,,,,,,,,,,,,1.0,,,,,,,Uruguai
106011,Enciso,4,2354,4.5,True,2.0,1.0,2.0,,,1.0,,,,,,,,,,,,,,,Paraguai
106019,Jesse Marsch,6,2361,5.28,True,,,,,,,,,,,,,,,,,,,,,Canadá
106029,Mensah,2,2375,6.5,True,4.0,,1.0,,,,,,,,,,,,,,,,,,Gana
106037,Pongracic,3,2379,1.7,True,1.0,2.0,,,,1.0,,,,,,,,,,,,,,,Croácia
106040,McLean,4,2327,0.5,True,,,1.0,,,,,,,,,,,,,,,,,,Escócia
106067,Adams,5,2327,0.0,True,,,,,,,,,,,,,,,,,,,,,Escócia
106163,Muñoz,2,2373,6.2,True,1.0,1.0,,1.0,,,,,,,,,,,,,,,,,Colômbia
106254,Jorge Sánchez,2,2360,10.9,True,3.0,1.0,1.0,1.0,1.0,,,,,,,,,,,,,,,,México
106265,Bellegarde,4,2334,2.4,True,1.0,3.0,2.0,,,1.0,,,,,,,,,,,,,,,Haiti
106302,Preciado,2,2372,1.5,True,1.0,,,,,,,,,,,,,,,,,,,,Equador
106362,Mbuku,4,3184,5.3,True,3.0,3.0,3.0,,1.0,,,,,,,,,1.0,,,,,,,RD Congo
106384,Kossounou,3,2350,6.5,True,1.0,,,1.0,,,,,,,,,,,,,,,,,Costa do Marfim
106387,De Ketelaere,5,2392,7.1,True,4.0,2.0,1.0,,1.0,,,,,,,,,,,,,,,,Bélgica
106388,Diatta,2,2347,9.0,True,2.0,1.0,1.0,1.0,,1.0,,,,,,,,,,,,,,,Senegal
106421,Junya Ito,4,2369,2.0,True,1.0,,1.0,,,,,,,,,,,,,,,,,,Japão
106422,Nygren,5,2368,0.0,True,,,,,,,,,,,,,,,,,,,,,Suécia
106480,Kabak,3,2328,2.1,True,2.0,3.0,,,,,,,,,,,,,,,,,,,Turquia
106482,Cakir,1,2328,4.5,True,,,,,,,,,,,,5.0,2.0,,,,,,,,Turquia
106524,Dest,2,2365,0.0,True,,,,,,,,,,,,,,,,,,,,,Estados Unidos
106529,Holes,3,2352,8.2,True,5.0,1.0,2.0,,,,,,,,,,,,,,,,,,República Tcheca
106534,Provod,4,2352,1.2,True,1.0,1.0,,,,,,,,,,,,,,,,,,,República Tcheca
106541,Konsa,3,2370,8.6,True,2.0,3.0,3.0,1.0,,,,,,,,,,,,,,,,,Inglaterra
106656,Kim Min-Jae,3,2374,1.2,True,,,,,1.0,,,,,,,,,,,,,,,,Coreia do Sul
106660,Hwang In-Beom,4,2374,3.5,True,2.0,,1.0,,,,,,,,,,,,,,,,,,Coreia do Sul
106680,Diallo,5,2350,5.6,True,2.0,,2.0,,,2.0,,,,,,,,,,,,,,,Costa do Marfim
106699,Müldür,2,2328,0.0,True,,,,,,,,,,,,,,,,,,,,,Turquia
106768,Ben Hamida,2,2337,3.6,True,3.0,3.0,,,,,,,,,,,,,,,,,,,Tunísia
106854,Thorsby,4,2323,-0.3,True,,1.0,,,,,,,,,,,,,,,,,,,Noruega
107111,Richard Ríos,4,2373,1.9,True,1.0,3.0,1.0,,,1.0,,,,,,,,,,,,,,,Colômbia
107143,Scally,2,2365,2.4,True,1.0,,2.0,,,,1.0,,,,,,,,,,,,,,Estados Unidos
107527,Wissa,5,3184,20.9,True,,1.0,2.0,,,4.0,,,2.0,,,,,,,1.0,,,,,RD Congo
107559,Viñas,5,2356,2.4,True,1.0,3.0,2.0,,,1.0,,,,,,,,,,,,,,,Uruguai
107560,Ugarte,4,2356,3.0,True,2.0,,,,,,,,,,,,,,,,,,,,Uruguai
107873,Bobadilla,4,2354,0.0,True,,,,,,,,,,,,,,,,,,,,,Paraguai
108194,Saelemaekers,5,2392,11.2,True,1.0,,2.0,,,1.0,1.0,,1.0,,,,,,,,,,,,Bélgica
108196,Cherki,4,2385,-0.3,True,,1.0,,,,,,,,,,,,,,,,,,,França
108334,Moisés Caicedo,4,2372,3.5,True,2.0,1.0,,,,1.0,,,,,,,,,,,,,,,Equador
108335,Hincapié,3,2372,1.4,True,2.0,2.0,,,,,,,,,,,,1.0,,,,,,,Equador
108342,Reyna,4,2365,1.3,True,,,1.0,,,1.0,,,,,,,,,,,,,,,Estados Unidos
108358,Almada,4,2357,0.8,True,,,,,,1.0,,,,,,,,,,,,,,,Argentina
108528,Galarza,4,2354,13.2,True,9.0,1.0,,,,,,,,,,,,,,,,,,,Paraguai
108601,Pacho,3,2372,5.0,True,3.0,,1.0,,,,,,,,,,,,,,,,,,Equador
108668,Cáceres,2,2354,8.2,True,2.0,2.0,,1.0,,1.0,,,,,,,,,,,,,,,Paraguai
108734,Duverne,3,2334,7.7,True,2.0,1.0,,,,,,,,,1.0,,,,,,,,,,Haiti
108895,Thiaw,3,2384,1.7,True,1.0,1.0,1.0,,,,,,,,,,,,,,,,,,Alemanha
108927,Wirtz,4,2384,6.5,True,1.0,,,,,,,,,,1.0,,,,,,,,,,Alemanha
108942,Mwene,2,2391,5.8,True,3.0,,1.0,,,1.0,,,,,,,,,,,,,,,Áustria
108948,Marmoush,5,2324,3.0,True,1.0,1.0,2.0,,,1.0,,,,,,,,,,,,,,,Egito
108962,Vargas,4,2320,7.1,True,,3.0,,,,,,,1.0,,,,,,,,,,,,Suíça
109022,Jakobs,2,2347,5.5,True,,1.0,,1.0,,1.0,,,,,,,,,,,,,,,Senegal
109033,Beier,5,2384,1.7,True,1.0,1.0,1.0,,,,,,,,,,,,,,,,,,Alemanha
109046,Vitinha,4,2390,2.5,True,1.0,,2.0,,,,,,,,,,,,,,,,,,Portugal
109049,Diogo Costa,1,2390,13.3,True,,,1.0,1.0,,,,,,,,6.0,,,,,,,,,Portugal
109096,Plata,5,2372,10.1,True,2.0,4.0,1.0,,,1.0,,,1.0,,,,,1.0,,,,,,,Equador
109118,Musiala,4,2384,6.0,True,2.0,1.0,5.0,,,1.0,,,,,,,,,,,,,,,Alemanha
109229,Östigaard,3,2323,3.5,True,2.0,1.0,,,,1.0,,,,,,,,,,,,,,,Noruega
109333,Baena,4,2326,7.3,True,1.0,4.0,,,,,,,1.0,,,,,1.0,,,,,,,Espanha
109557,Alexander Schlager,1,2391,-0.4,True,,,,,,,,,,,,2.0,3.0,,,,,,,,Áustria
109570,Pedri,4,2326,5.7,True,3.0,1.0,3.0,,,,,,,,,,,,,,,,,,Espanha
109581,Andrés Andrade,3,3062,3.2,True,3.0,1.0,,,,,,,,,,,,1.0,,,,,,,Panamá
109592,Tillman,4,2365,0.0,True,,,,,,,,,,,,,,,,,,,,,Estados Unidos
109850,Van Hecke,3,2381,11.2,True,2.0,2.0,,,,1.0,,,1.0,,,,,,,,,,,,Holanda
109852,Pape Gueye,4,2347,22.2,True,,1.0,1.0,,1.0,1.0,,,2.0,,1.0,,,1.0,,,,,,,Senegal
110047,Diego Gómez,4,2354,3.4,True,3.0,2.0,1.0,,,,,,,,,,,1.0,,,,,,,Paraguai
110083,Ndoye,5,2320,1.0,True,,,2.0,,,,,,,,,,,,,,,,,,Suíça
110219,Bellingham,4,2370,23.3,True,5.0,,4.0,,,1.0,,,1.0,,1.0,,,,,,,,,,Inglaterra
110250,Hauge,5,2323,0.0,True,,,,,,,,,,,,,,,,,,,,,Noruega
110272,Kökçü,4,2328,8.7,True,2.0,2.0,1.0,,,1.0,,,,,1.0,,,,,,,,,,Turquia
110289,Hadzikadunic,3,2865,6.2,True,1.0,1.0,,,,,,,,,1.0,,,,,,,,,,Bósnia
110297,Koopmeiners,4,2381,-0.3,True,,1.0,,,,,,,,,,,,,,,,,,,Holanda
110298,Doku,5,2392,4.0,True,1.0,,1.0,,1.0,1.0,,,,,,,,,,,,,,,Bélgica
110309,Starfelt,3,2368,0.0,True,,,,,,,,,,,,,,,,,,,,,Suécia
110401,Eze,4,2370,0.8,True,,,,,,1.0,,,,,,,,,,,,,,,Inglaterra
110457,Providence,5,2334,1.7,True,1.0,1.0,1.0,,,,,,,,,,,,,,,,,,Haiti
110529,Seiwald,4,2391,2.3,True,1.0,,,,,1.0,,,,,,,,,,,,,,,Áustria
110567,Luis Suárez,5,2373,1.6,True,,,,,,2.0,,,,,,,,,,,,,,,Colômbia
110620,Yéremy Pino,5,2326,-0.1,True,,,,,,,1.0,,,,,,,,,,,,,,Espanha
110710,Shomurodov,5,3061,12.4,True,3.0,3.0,,,,1.0,,,1.0,,,,,,,,,,,,Uzbequistão
110748,Brobbey,5,2381,9.2,True,1.0,1.0,,,,,,,1.0,,,,,,,,,,,,Holanda
110782,Jonathan David,5,2361,3.1,True,,,3.0,,,2.0,,,,,,,,,,,,,,,Canadá
110831,Elliot Anderson,4,2370,6.9,True,3.0,1.0,3.0,,1.0,,,,,,,,,,,,,,,,Inglaterra
110966,Koné,4,2385,4.7,True,2.0,,1.0,,1.0,,,,,,,,,,,,,,,,França
110968,Wahi,5,2350,1.2,True,,,,,1.0,,,,,,,,,,,,,,,,Costa do Marfim
111019,Quiñones,5,2360,11.3,True,1.0,1.0,1.0,,,2.0,,,1.0,,,,,,,,,,,,México
111025,Edmilson Junior,5,3238,6.1,True,1.0,1.0,,,,,1.0,,,,1.0,,,,,,,,,,Catar
111035,Al-Brake,2,3238,0.9,True,1.0,2.0,,,,,,,,,,,,,,,,,,,Catar
111046,Yasser Ibrahim,3,2324,3.7,True,3.0,1.0,1.0,,,,,,,,,,,1.0,,,,,,,Egito
111054,Hany,2,2324,3.8,True,2.0,,,,,1.0,,,,,,,,,,,,,,,Egito
111055,Shobeir,1,2324,9.1,True,,,1.0,,,,,,,,,2.0,1.0,,,,,1.0,,,Egito
111069,Seol Young-Woo,2,2374,3.3,True,1.0,,2.0,,,1.0,,,,,,,,,,,,,,,Coreia do Sul
111678,Iliman Ndiaye,5,2347,13.9,True,,1.0,,,1.0,,,,1.0,,1.0,,,,,,,,,,Senegal
111913,Vite,4,2372,15.0,True,6.0,,2.0,,,,,,,,1.0,,,,,,,,,,Equador
112200,Gusto,2,2385,1.5,True,1.0,,,,,,,,,,,,,,,,,,,,França
112377,Nuno Mendes,2,2390,7.5,True,1.0,,2.0,1.0,,,,,,,,,,,,,,,,,Portugal
112682,Vasilj,1,2865,1.6,True,,,,,,,,,,,,2.0,1.0,,,,,,,,Bósnia
112741,Ávalos,5,2354,2.8,True,1.0,,1.0,,,1.0,,,,,,,,,,,,,,,Paraguai
112827,Gharbi,4,2337,4.6,True,2.0,,,,,2.0,,,,,,,,,,,,,,,Tunísia
112836,Elanga,5,2368,14.6,True,2.0,,5.0,,1.0,,1.0,,1.0,,,,,,,,,,,,Suécia
112895,Stanisic,2,2379,0.0,True,,,,,,,,,,,,,,,,,,,,,Croácia
113103,Flaco López,5,2357,0.8,True,,,,,,1.0,,,,,,,,,,,,,,,Argentina
113242,Néstor Lorenzo,6,2373,5.72,True,,,,,,,,,,,,,,,,,,,,,Colômbia
113473,Kalajdzic,5,2391,8.0,True,,,,,,,,,1.0,,,,,,,,,,,,Áustria
113483,Hlozek,5,2352,2.7,True,1.0,1.0,3.0,,,,,,,,,,,,,,,,,,República Tcheca
113490,João Paulo,2,3201,8.8,True,1.0,,3.0,1.0,,1.0,,,,,,,,,,,,,,,Cabo Verde
113494,Pico Lopes,3,3201,8.3,True,1.0,,2.0,1.0,,1.0,,,,,,,,,,,,,,,Cabo Verde
113496,Bubista,6,3201,5.85,True,,,,,,,,,,,,,,,,,,,,,Cabo Verde
113497,Vozinha,1,3201,8.9,True,,,,1.0,,,,,,,,3.0,,,,,,,,,Cabo Verde
113500,Diney Borges,3,3201,4.7,True,,1.0,,1.0,,,,,,,,,,,,,,,,,Cabo Verde
113503,Willy Semedo,5,3201,3.9,True,1.0,2.0,2.0,,1.0,1.0,,,,,,,,,,,,,,,Cabo Verde
113509,Kevin Pina,4,3201,5.0,True,2.0,2.0,2.0,,,2.0,,,,,,,,,,,,,,,Cabo Verde
113535,Gvardiol,2,2379,0.5,True,,,1.0,,,,,,,,,,,,,,,,,,Croácia
113593,Patterson,2,2327,4.2,True,3.0,1.0,,,,,,,,,,,,,,,,,,,Escócia
113594,Hendry,3,2327,0.2,True,,1.0,1.0,,,,,,,,,,,,,,,,,,Escócia
113596,McKenna,3,2327,0.0,True,,,,,,,,,,,,,,,,,,,,,Escócia
113691,Barco,4,2357,0.5,True,,,1.0,,,,,,,,,,,,,,,,,,Argentina
113709,Romo,4,2360,6.7,True,1.0,1.0,1.0,,,,,,,,1.0,,,,,,,,,,México
113735,Luis de la Fuente,6,2326,7.37,True,,,,,,,,,,1.0,,,,,,,,,,,Espanha
113992,Metcalfe,4,2333,3.0,True,2.0,,,,,,,,,,,,,,,,,,,,Austrália
113998,Graham Arnold,6,2342,2.57,True,,,,,,,,,,,,,,,,,,,,,Iraque
114012,Cacace,2,2340,2.0,True,1.0,,1.0,,,,,,,,,,,,,,,,,,Nova Zelândia
114014,Just,4,2340,10.2,True,1.0,1.0,,,1.0,1.0,,,1.0,,,,,1.0,,,,,,,Nova Zelândia
114015,Bell,4,2340,0.0,True,,,,,,,,,,,,,,,,,,,,,Nova Zelândia
114019,Stamenic,4,2340,-1.6,True,,2.0,,,,,,,,,,,,1.0,,,,,,,Nova Zelândia
114021,Raum,2,2384,1.2,True,1.0,1.0,,,,,,,,,,,,,,,,,,,Alemanha
114033,Old,4,2340,1.5,True,1.0,,,,,,,,,,,,,,,,,,,,Nova Zelândia
114054,Ashour,4,2324,3.0,True,2.0,,,,,,,,,,,,,,,,,,,,Egito
114064,Doan,4,2369,8.1,True,2.0,3.0,2.0,,,,,,,,1.0,,,,,,,,,,Japão
114077,Tanaka,4,2369,11.1,True,7.0,4.0,2.0,,,1.0,,,,,,,,,,,,,,,Japão
114078,Makgopa,5,2358,2.0,True,,1.0,1.0,,1.0,1.0,2.0,,,,,,,,,,,,,,África do Sul
114081,Seko,4,2369,3.0,True,2.0,,,,,,,,,,,,,,,,,,,,Japão
114083,Zion Suzuki,1,2369,4.2,True,,,,,,,,,,,,4.0,1.0,,,,,,,,Japão
114101,Al-Hamdan,5,2344,0.6,True,,2.0,,,1.0,,,,,,,,,,,,,,,,Arábia Saudita
114105,Abdulhamid,2,2344,11.4,True,5.0,2.0,1.0,1.0,,,,,,,,,,1.0,,,,,,,Arábia Saudita
114107,Al-Amri,3,2344,8.0,True,2.0,,,1.0,,,,,,,,,,,,,,,,,Arábia Saudita
114125,Kim Jin-Gyu,4,2374,1.5,True,1.0,,,,,,,,,,,,,,,,,,,,Coreia do Sul
114149,Al-Buraikan,5,2344,-0.8,True,,1.0,1.0,,,,,,,,,,,1.0,,,,,,,Arábia Saudita
114217,Angulo,5,2372,8.4,True,,2.0,2.0,,,,,,1.0,,,,,,,,,,,,Equador
114233,Senaya,2,2375,7.6,True,5.0,3.0,2.0,,,,,,,,,,,,,,,,,,Gana
114235,Olise,4,2385,1.8,True,,,2.0,,,1.0,,,,,,,,,,,,,,,França
114236,Guéhi,3,2370,9.0,True,2.0,,2.0,1.0,,,,,,,,,,,,,,,,,Inglaterra
114310,Diarra,4,2347,11.8,True,2.0,,,,,1.0,,,1.0,,,,,,,,,,,,Senegal
114321,Nico Williams,5,2326,0.5,True,,,1.0,,,,,,,,,,,,,,,,,,Espanha
114403,Matheus Nunes,2,2390,5.0,True,,,,1.0,,,,,,,,,,,,,,,,,Portugal
114445,Jassem Gaber,4,3238,-1.2,True,,4.0,,,,,,,,,,,,,,,,,,,Catar
114448,Abunada,1,3238,-2.1,True,,,,,,,,,,,,3.0,3.0,,,,,,1.0,,Catar
114555,Elia,4,3184,5.0,True,,,,,,,,,,,1.0,,,,,,,,,,RD Congo
114560,Summerville,5,2381,1.5,True,1.0,,,,,,,,,,,,,,,,,,,,Holanda
114574,Nusa,5,2323,0.0,True,,,,,,,,,,,,,,,,,,,,,Noruega
114577,Kovár,1,2352,-0.4,True,,,,,,,,,,,,2.0,3.0,,,,,,,,República Tcheca
114599,Theate,3,2392,2.0,True,,,,,1.0,1.0,,,,,,,,,,,,,,,Bélgica
114610,Joseph,5,2334,0.1,True,,4.0,1.0,,,1.0,,,,,,,,,,,,,,,Haiti
114687,Radeljic,3,2865,0.0,True,,,,,,,,,,,,,,,,,,,,,Bósnia
114719,Halhal,3,2332,2.6,True,1.0,1.0,3.0,,,,1.0,,,,,,,,,,,,,,Marrocos
114751,Sulemana,5,2375,2.7,True,2.0,1.0,,,,,,,,,,,,,,,,,,,Gana
114808,Ounahi,4,2332,0.0,True,,,,,,,,,,,,,,,,,,,,,Marrocos
114820,Gudmundsson,2,2368,2.7,True,1.0,1.0,3.0,,,,,,,,,,,,,,,,,,Suécia
114821,Onana,4,2392,2.3,True,1.0,,,,,1.0,,,,,,,,,,,,,,,Bélgica
114922,Ciss,4,2347,2.7,True,1.0,,,,1.0,,,,,,,,,,,,,,,,Senegal
115091,Thorstvedt,4,2323,1.1,True,,2.0,1.0,,1.0,,,,,,,,,,,,,,,,Noruega
115094,Pedersen,2,2323,0.0,True,,,,,,,,,,,,,,,,,,,,,Noruega
115096,Aursnes,4,2323,5.0,True,3.0,1.0,,,,1.0,,,,,,,,,,,,,,,Noruega
115264,Iqbal,4,2342,2.0,True,1.0,,1.0,,,,,,,,,,,,,,,,,,Iraque
115424,Quansah,3,2370,4.0,True,,,,1.0,,,,,,,,,,1.0,,,,,,,Inglaterra
115959,Endrick,5,2318,3.0,True,2.0,,,,,,,,,,,,,,,,,,,,Brasil
116269,Nasser Al-Dawsari,4,2344,1.3,True,2.0,4.0,1.0,,,,,,,,,,,1.0,,,,,,,Arábia Saudita
116275,Al-Juwayr,4,2344,0.0,True,,,,,,,,,,,,,,,,,,,,,Arábia Saudita
116533,Wanner,4,2391,0.5,True,,,1.0,,,,,,,,,,,,,,,,,,Áustria
116538,Aaronson,4,2365,4.9,True,2.0,2.0,1.0,,1.0,1.0,,,,,,,,,,,,,,,Estados Unidos
116581,Hannibal,4,2337,9.9,True,1.0,1.0,5.0,,1.0,,,,,,1.0,,,,,,,,,,Tunísia
116583,Abdelmonem,3,2324,-1.0,True,,,,,,,,,,,,,,,,,,,,1.0,Egito
116717,Cristian Martínez,4,3062,2.2,True,1.0,1.0,2.0,,,,,,,,,,,,,,,,,,Panamá
117230,Yilmaz,5,2328,13.1,True,,3.0,2.0,,,,,,1.0,,1.0,,,,,,,,,,Turquia
117309,Renato Veiga,3,2390,6.2,True,1.0,1.0,,1.0,,,,,,,,,,,,,,,,,Portugal
117401,Nico Paz,4,2357,5.5,True,3.0,1.0,1.0,,,1.0,,,,,,,,,,,,,,,Argentina
117445,Mudau,2,2358,8.7,True,2.0,1.0,2.0,1.0,,,,,,,,,,,,,,,,,África do Sul
117470,Seck,3,2347,11.5,True,1.0,1.0,1.0,1.0,,1.0,,,,,1.0,,,1.0,,,,,,,Senegal
117474,Fatouh,2,2324,0.5,True,,,1.0,,,,,,,,,,,,,,,,,,Egito
117477,Zizo,4,2324,0.5,True,,1.0,,,,1.0,,,,,,,,,,,,,,,Egito
117605,Ordóñez,3,2372,3.2,True,2.0,1.0,1.0,,,,,,,,,,,,,,,,,,Equador
117896,Berg,4,2323,0.2,True,1.0,1.0,,,,,,,,,,,,1.0,,,,,,,Noruega
118142,Simeone,5,2357,1.2,True,1.0,1.0,,,,,,,,,,,,,,,,,,,Argentina
118234,Jean Jacques,4,2334,7.2,True,5.0,1.0,,,,,,,,,,,,,,,,,,,Haiti
118255,Cho Gue-Sung,5,2374,-1.3,True,,1.0,,,,,,,,,,,,1.0,,,,,,,Coreia do Sul
118269,Björkan,2,2323,1.5,True,1.0,,,,,,,,,,,,,,,,,,,,Noruega
118270,Krejcí,3,2352,1.5,True,1.0,,,,,,,,,,,,,,,,,,,,República Tcheca
118306,Sutalo,3,2379,1.5,True,1.0,,,,,,,,,,,,,,,,,,,,Croácia
118309,Hiroki Ito,3,2369,2.1,True,2.0,3.0,,,,,,,,,,,,,,,,,,,Japão
118310,Sugawara,2,2369,0.8,True,,3.0,1.0,,1.0,,,,,,,,,,,,,,,,Japão
118314,Taniguchi,3,2369,0.2,True,1.0,1.0,,,,,,,,,,,,1.0,,,,,,,Japão
118320,Ferguson,4,2327,3.4,True,1.0,2.0,1.0,,1.0,1.0,,,,,,,,,,,,,,,Escócia
118384,De Vries,2,2340,1.5,True,1.0,,,,,,,,,,,,,,,,,,,,Nova Zelândia
118741,Bobb,5,2323,2.9,True,,1.0,2.0,,1.0,,,,,,,,,,,1.0,,,,,Noruega
118743,Turner,1,2365,-3.0,True,,,,,,,,,,,,,3.0,,,,,,,,Estados Unidos
118786,Undav,5,2384,0.8,True,,,,,,1.0,,,,,,,,,,,,,,,Alemanha
118821,Spence,2,2370,4.7,True,,1.0,,1.0,,,,,,,,,,,,,,,,,Inglaterra
118834,Samú Costa,4,2390,1.5,True,1.0,,,,,,,,,,,,,,,,,,,,Portugal
120404,Chaïbi,4,2338,6.2,True,1.0,,1.0,,1.0,,,1.0,,,,,,,,,,,,,Argélia
120469,Larsen,5,2323,-1.6,True,,,1.0,,1.0,1.0,1.0,,,,,,,,1.0,,,,,,Noruega
120496,Baturina,4,2379,2.2,True,,1.0,5.0,,,,,,,,,,,,,,,,,,Croácia
120526,Katic,3,2865,0.8,True,,,,,,1.0,,,,,,,,,,,,,,,Bósnia
120582,Pierrot,5,2334,0.0,True,,,,,,,,,,,,,,,,,,,,,Haiti
120599,Madueke,5,2370,2.7,True,1.0,,,,1.0,,,,,,,,,,,,,,,,Inglaterra
120600,Saibari,4,2332,12.4,True,1.0,1.0,1.0,,1.0,2.0,1.0,,1.0,,,,,,,,,,,,Marrocos
120618,Semenyo,5,2375,0.6,True,,,,,,1.0,2.0,,,,,,,,,,,,,,Gana
120619,Fatawu,5,2375,4.1,True,1.0,,2.0,,,2.0,,,,,,,,,,,,,,,Gana
120621,Owusu,4,2375,0.9,True,1.0,2.0,,,,,,,,,,,,,,,,,,,Gana
120630,Ben Slimane,4,2337,1.2,True,,,,,1.0,,,,,,,,,,,,,,,,Tunísia
120633,Ben Ouanes,4,2337,0.5,True,,,1.0,,,,,,,,,,,,,,,,,,Tunísia
120634,Abdi,2,2337,3.8,True,2.0,,,,,1.0,,,,,,,,,,,,,,,Tunísia
120638,Talbi,3,2337,3.0,True,2.0,,,,,,,,,,,,,,,,,,,,Tunísia
120639,Dahmen,1,2337,2.2,True,,,,,,,,,,,,4.0,3.0,,,,,,,,Tunísia
120644,Barcola,5,2385,4.7,True,,1.0,,,,,,,,,1.0,,,,,,,,,,França
120653,Schmid,4,2391,0.5,True,,1.0,,,,1.0,,,,,,,,,,,,,,,Áustria
120700,Santi Giménez,5,2360,1.7,True,,,1.0,,1.0,,,,,,,,,,,,,,,,México
120706,Cornelius,3,2361,3.7,True,1.0,2.0,1.0,,,3.0,1.0,,,,,,,,,,,,,,Canadá
120708,Millar,4,2361,1.5,True,1.0,1.0,1.0,,,1.0,,,,,,,,1.0,,,,,,,Canadá
120710,Buchanan,4,2361,4.5,True,2.0,,3.0,,,,,,,,,,,,,,,,,,Canadá
120717,Eustáquio,4,2361,1.5,True,1.0,,,,,,,,,,,,,,,,,,,,Canadá
120718,Johnston,2,2361,4.9,True,2.0,2.0,1.0,,1.0,1.0,,,,,,,,,,,,,,,Canadá
120776,Hien,3,2368,-0.8,True,,1.0,1.0,,,,,,,,,,,1.0,,,,,,,Suécia
120978,Riad,3,2332,8.0,True,2.0,,,,,,,,,,1.0,,,,,,,,,,Marrocos
121080,Jackson,5,2347,3.9,True,1.0,,,,2.0,,,,,,,,,,,,,,,,Senegal
121376,El Khannouss,4,2332,5.3,True,1.0,1.0,1.0,,3.0,,,,,,,,,,,,,,,,Marrocos
121406,Tambakti,3,2344,8.0,True,2.0,,,1.0,,,,,,,,,,,,,,,,,Arábia Saudita
121413,Kevin Rodríguez,5,2372,5.2,True,,2.0,,,,1.0,,,,,1.0,,,,,,,,,,Equador
121423,Kanaani,3,2336,-1.3,True,,1.0,,,,,,,,,,,,1.0,,,,,,,Irã
121427,Khalilzadeh,3,2336,0.9,True,1.0,1.0,,,,1.0,1.0,,,,,,,1.0,,,,,,,Irã
121452,Abulaila,1,3231,-1.7,True,,,,,,,,,,,,1.0,3.0,,,,,,,,Jordânia
121457,Haddad,2,3231,4.7,True,,1.0,,,,,,,,,1.0,,,,,,,,,,Jordânia
121458,Obaid,3,3231,0.0,True,,,,,,,,,,,,,,,,,,,,,Jordânia
121460,Al-Arab,3,3231,2.6,True,3.0,3.0,,,,,,,,,,,,1.0,,,,,,,Jordânia
121461,Nasib,3,3231,3.0,True,2.0,,,,,,,,,,,,,,,,,,,,Jordânia
121464,Al-Rawabdeh,4,3231,1.5,True,1.0,,,,,,,,,,,,,,,,,,,,Jordânia
121468,Al-Rashdan,4,3231,5.5,True,4.0,,1.0,,,,,,,,,,,,,,,,,1.0,Jordânia
121469,Al-Mardi,5,3231,-0.1,True,,2.0,1.0,,,,,,,,,,,,,,,,,,Jordânia
121470,Al-Tamari,5,3231,9.3,True,,,1.0,,,1.0,,,1.0,,,,,,,,,,,,Jordânia
121473,Abu Zraiq,5,3231,-1.3,True,,1.0,,,,,,,,,,,,1.0,,,,,,,Jordânia
121474,Olwan,5,3231,0.7,True,,1.0,2.0,,,,,,,,,,,,,,,,,,Jordânia
121758,Gannon-Doak,4,2327,-0.3,True,,1.0,,,,,,,,,,,,,,,,,,,Escócia
122401,Doué,4,2385,16.9,True,4.0,,1.0,,2.0,,,,1.0,,,,,,,,,,,,França
122402,Doué,2,2350,7.5,True,1.0,,2.0,1.0,,,,,,,,,,,,,,,,,Costa do Marfim
122486,Rayan,5,2318,13.2,True,4.0,1.0,1.0,,1.0,1.0,,,,,1.0,,,,,,,,,,Brasil
122613,Attia,4,2324,0.5,True,,,1.0,,,,,,,,,,,,,,,,,,Egito
122689,Vargas,4,2360,1.2,True,1.0,1.0,,,,,,,,,,,,,,,,,,,México
123096,Schjelderup,5,2323,9.4,True,3.0,2.0,1.0,,,,,,,,1.0,,,,,,,,,,Noruega
123097,João Neves,4,2390,0.0,True,,,,,,,,,,,,,,,,,,,,,Portugal
123314,Ayari,4,2368,3.0,True,1.0,,3.0,,,,,,,,,,,,,,,,,,Suécia
123317,Hadjam,2,2338,1.5,True,1.0,,,,,,,,,,,,,,,,,,,,Argélia
123599,Ousmane Diomandé,3,2350,5.0,True,,,,1.0,,,,,,,,,,,,,,,,,Costa do Marfim
123862,Selvik,1,2323,5.5,True,2.0,,,,,,,,,,,5.0,4.0,,,,,,,,Noruega
123904,Verbruggen,1,2381,2.9,True,,,,,,,,,,,,3.0,1.0,,,,,,,,Holanda
123965,Güler,4,2328,11.0,True,2.0,3.0,2.0,,,,1.0,,1.0,,,,,,,,,,,,Turquia
123966,Elmali,2,2328,2.0,True,1.0,,1.0,,,,,,,,,,,,,,,,,,Turquia
123967,Bardakci,3,2328,5.8,True,3.0,,1.0,,,1.0,,,,,,,,,,,,,,,Turquia
123972,Thomas Christiansen,6,3062,2.76,True,,,,,,,,,,,,,,,,,,,,,Panamá
123994,Kuwas,5,3221,0.0,True,,,,,,,,,,,,,,,,,,,,,Curaçao
123995,Floranus,2,3221,7.9,True,5.0,1.0,,,,1.0,1.0,,,,,,,,,,,,,,Curaçao
123997,Antonisse,5,3221,1.5,True,1.0,,,,,,,,,,,,,,,,,,,,Curaçao
123999,Gaari,3,3221,0.2,True,,2.0,,,,1.0,,,,,,,,,,,,,,,Curaçao
124103,Shankland,5,2327,1.0,True,,1.0,1.0,,,1.0,,,,,,,,,,,,,,,Escócia
124394,Yahia Fofana,1,2350,9.4,True,,,1.0,1.0,,,,,,,,3.0,,,,,,,,,Costa do Marfim
124602,Lamine Yamal,5,2326,1.9,True,1.0,,1.0,,,,1.0,,,,,,,,,,,,,,Espanha
124633,Tahirovic,4,2865,5.0,True,3.0,,1.0,,,,,,,,,,,,,,,,,,Bósnia
124634,Volpato,4,2333,0.9,True,,1.0,,,1.0,,,,,,,,,,,,,,,,Austrália
124806,O'Reilly,2,2370,10.4,True,4.0,2.0,,1.0,,,,,,,,,,,,,,,,,Inglaterra
124884,Reijnders,4,2381,10.9,True,,,1.0,,2.0,,,1.0,,,1.0,,,,,,,,,,Holanda
124915,Bos,2,2333,12.4,True,2.0,1.0,3.0,1.0,2.0,1.0,,,,,,,,,,,,,,,Austrália
124961,Castaño,4,2373,0.0,True,,,,,,,,,,,,,,,,,,,,,Colômbia
124971,Circati,3,2333,9.7,True,3.0,1.0,1.0,1.0,,,,,,,,,,,,,,,,,Austrália
126310,Trusty,3,2365,10.9,True,1.0,2.0,,,1.0,1.0,,,1.0,,,,,,,,,,,,Estados Unidos
126356,Boushal,2,2344,5.5,True,,,1.0,1.0,,,,,,,,,,,,,,,,,Arábia Saudita
126359,Lajami,3,2344,8.5,True,2.0,,1.0,1.0,,,,,,,,,,,,,,,,,Arábia Saudita
126445,Shaffelburg,4,2361,1.5,True,1.0,,,,,,,,,,,,,,,,,,,,Canadá
126464,Mandash,5,2344,12.7,True,8.0,1.0,2.0,,,,,,,,,,,,,,,,,,Arábia Saudita
126571,Puerta,4,2373,2.7,True,1.0,2.0,,,1.0,2.0,,,,,,,,1.0,,,,,,,Colômbia
126677,El Aynaoui,4,2332,5.7,True,2.0,,3.0,,1.0,,,,,,,,,,,,,,,,Marrocos
126678,Khusanov,3,3061,-2.6,True,,2.0,,,,,,,,,,,,1.0,,,,,,1.0,Uzbequistão
126739,Lacroix,3,2385,4.1,True,3.0,1.0,,,,,1.0,,,,,,,,,,,,,,França
126834,De Fougerolles,3,2361,5.8,True,3.0,3.0,2.0,,1.0,,,,,,,,,,,,,,,,Canadá
126863,Cubarsí,3,2326,5.2,True,,1.0,1.0,1.0,,,,,,,,,,,,,,,,,Espanha
126865,Pavlovic,4,2384,1.2,True,1.0,1.0,2.0,,,,,,,,,,,1.0,,,,,,,Alemanha
126868,Al-Harbi,2,2344,5.0,True,,,,1.0,,,,,,,,,,,,,,,,,Arábia Saudita
127003,Miles Robinson,3,2365,-0.6,True,,2.0,,,,,,,,,,,,,,,,,,,Estados Unidos
127026,Nuamah,5,2375,8.0,True,2.0,,,,,,,,,,1.0,,,,,,,,,,Gana
127133,Oh Hyeon-Gyu,5,2374,1.2,True,,,,,1.0,,,,,,,,,,,,,,,,Coreia do Sul
127138,Lagerbielke,3,2368,6.6,True,3.0,,1.0,,,2.0,,,,,,,,,,,,,,,Suécia
127270,Achouri,5,2337,2.3,True,1.0,,,,,1.0,,,,,,,,,,,,,,,Tunísia
127282,Pepi,5,2365,2.1,True,1.0,1.0,2.0,,,,1.0,,,,,,,,,,,,,,Estados Unidos
127284,Sambo,2,3221,0.0,True,,,,,,,,,,,,,,,,,,,,,Curaçao
127435,Freeman,2,2365,1.5,True,1.0,,,,,,,,,,,,,,,,,,,,Estados Unidos
127470,Diao,5,2347,3.0,True,2.0,,,,,,,,,,,,,,,,,,,,Senegal
127500,Nemati,3,2336,-0.1,True,1.0,2.0,,,,,,,,,,,,1.0,,,,,,,Irã
127819,Sadiki,4,3184,7.7,True,5.0,1.0,3.0,,,,,,,,,,,1.0,,,,,,,RD Congo
128072,Basic,4,2865,8.9,True,,,3.0,,,3.0,,,,,1.0,,,,,,,,,,Bósnia
128141,Yildiz,5,2328,5.3,True,2.0,1.0,2.0,,,2.0,,,,,,,,,,,,,,,Turquia
128152,Yeboah,4,2372,1.5,True,1.0,,,,,,,,,,,,,,,,,,,,Equador
128201,Nakamura,5,2369,1.2,True,,,,,1.0,,,,,,,,,,,,,,,,Japão
128206,Diakité,5,2350,0.0,True,,,,,,,,,,,,,,,,,,,,,Costa do Marfim
128335,Iskanderov,4,3061,0.0,True,,,,,,,,,,,,,,,,,,,,,Uzbequistão
128337,Urunov,4,3061,1.5,True,1.0,,,,,,,,,,,,,,,,,,,,Uzbequistão
128570,Casimir,5,2334,-0.6,True,,2.0,2.0,,,,,,,,,,,1.0,,,,,,,Haiti
128580,Opéri,2,2350,7.4,True,2.0,2.0,,1.0,,,,,,,,,,,,,,,,,Costa do Marfim
128752,Camara,4,2347,7.5,True,1.0,1.0,1.0,,,1.0,,,,,1.0,,,,,,,,,,Senegal
128929,Moghanlou,5,2336,0.0,True,,,,,,,,,,,,,,,,,,,,,Irã
128940,Ghorbani,4,2336,4.6,True,2.0,2.0,2.0,,1.0,,,,,,,,,,,,,,,,Irã
129348,Ghedjemis,5,2338,0.0,True,,,,,,,,,,,,,,,,,,,,,Argélia
129458,Rogers,4,2370,2.8,True,2.0,2.0,1.0,,,,1.0,,,,,,,,,,,,,,Inglaterra
129651,Watanabe,3,2369,0.0,True,,,,,,,,,,,,,,,,,,,,,Japão
129759,Park Jin-Seob,4,2374,1.7,True,,,1.0,,1.0,,,,,,,,,,,,,,,,Coreia do Sul
129855,Deroy Duarte,4,3201,5.8,True,3.0,,1.0,,,1.0,,,,,,,,,,,,,,,Cabo Verde
129857,Laros Duarte,4,3201,1.2,True,,,,,1.0,,,,,,,,,,,,,,,,Cabo Verde
129859,Jamiro Monteiro,4,3201,2.1,True,1.0,2.0,,,1.0,,,,,,,,,,,,,,,,Cabo Verde
129957,Ali Jasim,4,2342,1.7,True,,1.0,,,1.0,1.0,,,,,,,,,,,,,,,Iraque
129958,Bayesh,4,2342,5.4,True,3.0,2.0,3.0,,,,,,,,,,,,,,,,,,Iraque
129962,Al-Hamadi,5,2342,2.5,True,1.0,,2.0,,,,,,,,,,,,,,,,,,Iraque
129964,Al-Ammari,4,2342,0.2,True,1.0,1.0,,,,,,,,,,,,1.0,,,,,,,Iraque
129966,Doski,2,2342,6.9,True,5.0,2.0,2.0,,,,,,,,,,,1.0,,,,,,,Iraque
129968,Akam Hashem,3,2342,2.0,True,1.0,,1.0,,,,,,,,,,,,,,,,,,Iraque
129974,Putros,3,2342,3.9,True,3.0,2.0,,,,,,,,,,,,,,,,,,,Iraque
129975,Basil,1,2342,0.8,True,,,1.0,,,,,,,,,1.0,1.0,,,,,,,,Iraque
129976,Sébastien Desabre,6,3184,6.95,True,,,,,,,,,,1.0,,,,,,,,,,,RD Congo
129987,Mpasi,1,3184,0.3,True,,,,,,,,,,,,1.0,1.0,,,,,,,,RD Congo
129988,Mayele,5,3184,10.8,True,,,1.0,,,3.0,1.0,,1.0,,,,,,,,,,,,RD Congo
130109,Lashin,4,2324,1.3,True,,1.0,2.0,,,2.0,,,,,,,,1.0,,,,,,,Egito
130113,Abu Taha,2,3231,3.2,True,3.0,1.0,,,,,,,,,,,,1.0,,,,,,,Jordânia
130459,Sithole,4,2358,3.2,True,2.0,1.0,1.0,,,,,,,,,,,,,,,,,,África do Sul
130460,Appollis,4,2358,3.9,True,2.0,1.0,,,1.0,,,,,,,,,,,,,,,,África do Sul
130461,Adams,4,2358,0.0,True,,,,,,,,,,,,,,,,,,,,,África do Sul
130462,Maseko,5,2358,11.6,True,,,4.0,,,2.0,,,1.0,,,,,,,,,,,,África do Sul
130531,Emerse Faé,6,2350,9.08,True,,,,,,,,,,1.0,,,,,,,,,,,Costa do Marfim
130690,El Mourabet,4,2332,1.5,True,1.0,,,,,,,,,,,,,,,,,,,,Marrocos
130873,Khamrobekov,4,3061,0.0,True,,,,,,,,,,,,,,,,,,,,,Uzbequistão
131280,Arce,5,2354,0.0,True,,,,,,,,,,,,,,,,,,,,,Paraguai
131501,Rahimi,5,2332,14.2,True,,2.0,2.0,,,1.0,,,1.0,,1.0,,,,,,,,,,Marrocos
131628,Choinière,4,2361,1.7,True,1.0,1.0,1.0,,,,,,,,,,,,,,,,,,Canadá
131629,Saliba,4,2361,10.4,True,4.0,2.0,,,,,,,,,1.0,,,,,,,,,,Canadá
131642,Doudera,2,2352,5.2,True,1.0,,1.0,,,4.0,,,,,,,,,,,,,,,República Tcheca
132480,Bajraktarevic,4,2865,2.5,True,,,1.0,,1.0,1.0,,,,,,,,,,,,,,,Bósnia
132652,Berhalter,4,2365,14.6,True,1.0,3.0,4.0,,,,,,1.0,,1.0,,,1.0,,,,,,,Estados Unidos
132653,Ahmed,4,2361,2.2,True,,,2.0,,1.0,,,,,,,,,,,,,,,,Canadá
132762,Guillermo Martínez,5,2360,1.1,True,1.0,3.0,1.0,,,,,,,,,,,,,,,,,,México
132767,Israel Reyes,2,2360,8.8,True,2.0,,,1.0,,1.0,,,,,,,,,,,,,,,México
132768,Tala Rangel,1,2360,6.3,True,,,,1.0,,,,,,,,1.0,,,,,,,,,México
133035,Petar Sucic,4,2379,11.5,True,1.0,,4.0,,,,,,1.0,,,,,,,,,,,,Croácia
133036,Matanovic,5,2379,2.4,True,1.0,,2.0,,,,1.0,,,,,,,,,,,,,,Croácia
133040,Marco Pasalic,5,2379,0.0,True,,,,,,,,,,,,,,,,,,,,,Croácia
133063,McKenzie,3,2365,0.2,True,,1.0,1.0,,,,,,,,,,,,,,,,,,Estados Unidos
133146,De Cuyper,2,2392,4.7,True,2.0,1.0,,,1.0,1.0,,,,,,,,,,,,,,,Bélgica
133210,Uzun,4,2328,0.0,True,,,,,,,,,,,,,,,,,,,,,Turquia
133211,Aydin,5,2328,11.5,True,7.0,,2.0,,,,,,,,,,,,,,,,,,Turquia
133259,Sergej Barbarez,6,2865,5.99,True,,,,,,,,,,1.0,,,,,,,,,,,Bósnia
133318,Hranác,3,2352,-0.6,True,,2.0,,,,,,,,,,,,,,,,,,,República Tcheca
133319,Sulc,4,2352,-0.1,True,,,,,,,1.0,,,,,,,,,,,,,,República Tcheca
133320,Cerv,4,2352,4.4,True,2.0,1.0,1.0,,1.0,,,,,,,,,,,,,,,,República Tcheca
133451,Oluwaseyi,5,2361,3.0,True,2.0,,,,,,,,,,,,,,,,,,,,Canadá
133546,Córdoba,3,3062,1.5,True,1.0,,,,,,,,,,,,,,,,,,,,Panamá
133986,Darren Bazeley,6,2340,2.18,True,,,,,,,,,,,,,,,,,,,,,Nova Zelândia
133987,Surman,3,2340,-0.3,True,,1.0,,,,,,,,,,,,,,,,,,,Nova Zelândia
133988,Randall,5,2340,1.3,True,,,1.0,,,1.0,,,,,,,,,,,,,,,Nova Zelândia
133990,Bindon,3,2340,0.5,True,,1.0,,,,1.0,,,,,,,,,,,,,,,Nova Zelândia
134316,Fayzullaev,4,3061,4.6,True,3.0,4.0,1.0,,,1.0,,,,,,,,,,,,,,,Uzbequistão
134318,Nematov,1,3061,-1.7,True,,,,,,,,,,,,1.0,3.0,,,,,,,,Uzbequistão
134353,Saber,4,2324,8.5,True,,2.0,1.0,,,2.0,,,1.0,,,,,1.0,,,,,,,Egito
134499,Maknzi,2,2342,1.5,True,1.0,,,,,,,,,,,,,,,,,,,,Iraque
134547,Bergvall,4,2368,0.4,True,,2.0,2.0,,,,,,,,,,,,,,,,,,Suécia
134625,Irankunda,5,2333,1.0,True,,1.0,1.0,,,1.0,,,,,,,,,,,,,,,Austrália
137282,Livramento,5,3201,0.0,True,,,,,,,,,,,,,,,,,,,,,Cabo Verde
138236,Mukau,4,3184,2.3,True,1.0,,,,,1.0,,,,,,,,,,,,,,,RD Congo
138239,Fernández-Pardo,5,2392,2.3,True,1.0,,,,,1.0,,,,,,,,,,,,,,,Bélgica
138531,Mbaye,5,2347,0.0,True,,,,,,,,,,,,,,,,,,,,,Senegal
138567,Malic,2,2865,0.2,True,,1.0,1.0,,,,,,,,,,,,,,,,,,Bósnia
138786,Manaf Younis,3,2342,1.5,True,1.0,,,,,,,,,,,,,,,,,,,,Iraque
138903,Salah-Eddine,2,2332,4.7,True,3.0,1.0,1.0,,,,,,,,,,,,,,,,,,Marrocos
139016,Shukurov,4,3061,0.2,True,,1.0,1.0,,,,,,,,,,,,,,,,,,Uzbequistão
139653,Abu Al-Shamat,2,2344,7.7,True,1.0,,,1.0,1.0,,,,,,,,,,,,,,,,Arábia Saudita
140176,Langaas,3,2323,0.0,True,,,,,,,,,,,,,,,,,,,,,Noruega
140193,Sunjic,4,2865,0.9,True,,1.0,,,1.0,,,,,,,,,,,,,,,,Bósnia
140386,Al-Ganehi,5,3238,0.5,True,,1.0,,,,1.0,,,,,,,,,,,,,,,Catar
140562,Miroslav Koubek,6,2352,2.65,True,,,,,,,,,,,,,,,,,,,,,República Tcheca
140568,Sojka,4,2352,0.0,True,,,,,,,,,,,,,,,,,,,,,República Tcheca
141486,Gilberto Mora,4,2360,0.5,True,,,1.0,,,,,,,,,,,,,,,,,,México
141669,Raskin,4,2392,5.0,True,,,,,,,,,,,1.0,,,,,,,,,,Bélgica
141738,Fabio Cannavaro,6,3061,3.35,True,,,,,,,,,,,,,,,,,,,,,Uzbequistão
141759,Curtis,4,2327,0.0,True,,,,,,,,,,,,,,,,,,,,,Escócia
141851,Alajbegovic,4,2865,9.3,True,,2.0,4.0,,,,1.0,,1.0,,,,,,,,,,,,Bósnia
141967,Tomás Rodríguez,5,3062,0.3,True,,3.0,,,1.0,,,,,,,,,,,,,,,,Panamá
142068,Svensson,2,2368,0.8,True,,,,,,1.0,,,,,,,,,,,,,,,Suécia
142479,Hardani,2,2336,3.5,True,2.0,,1.0,,,,,,,,,,,,,,,,,,Irã
142781,Maidana,2,2354,6.5,True,1.0,,,1.0,,,,,,,,,,,,,,,,,Paraguai
142800,Londoño,5,3062,-0.3,True,,1.0,,,,,,,,,,,,,,,,,,,Panamá
142803,Gutiérrez,2,3062,2.2,True,1.0,1.0,2.0,,,,,,,,,,,,,,,,,,Panamá
142978,Gill,1,2354,11.5,True,,,,1.0,,,,,,,,5.0,,,,,,,,,Paraguai
143294,Yan Diomandé,5,2350,8.5,True,2.0,,1.0,,,,,,,,1.0,,,,,,,,,,Costa do Marfim
144042,Rayners,5,2358,0.0,True,,,,,,,,,,,,,,,,,,,,,África do Sul
144236,Tony Popovic,6,2333,6.55,True,,,,,,,,,,,,,,,,,,,,,Austrália
144483,Aasgaard,4,2323,17.0,True,5.0,,3.0,,,,,,1.0,,,,,,,,,,,,Noruega
145608,Jaquez,3,2320,2.6,True,2.0,3.0,1.0,,,,,,,,,,,,,,,,,,Suíça
145887,Maza,4,2338,3.3,True,,,1.0,,1.0,2.0,,,,,,,,,,,,,,,Argélia
145894,Bonny,5,2350,2.0,True,1.0,,1.0,,,,,,,,,,,,,,,,,,Costa do Marfim
146064,Promise David,5,2361,10.4,True,,,,,2.0,,,,1.0,,,,,,,,,,,,Canadá
146228,Zico,5,2324,0.7,True,,2.0,1.0,,,1.0,,,,,,,,,,,,,,,Egito
146388,Amir Ghalenoei,6,2336,3.57,True,,,,,,,,,,,,,,,,,,,,,Irã
146390,Mohebi,5,2336,-0.3,True,,1.0,,,,,,,,,,,,,,,,,,,Irã
146414,Mateo Chávez,2,2360,14.7,True,1.0,1.0,1.0,1.0,,,,,1.0,,,,,,,,,,,,México
146455,Hadj Mahmoud,4,2337,0.9,True,1.0,2.0,,,,,,,,,,,,,,,,,,,Tunísia
146458,Mastouri,5,2337,13.4,True,2.0,2.0,2.0,,1.0,1.0,,,1.0,,,,,,,,,,,,Tunísia
146459,Chaouat,5,2337,-0.4,True,,1.0,,,,,1.0,,,,,,,,,,,,,,Tunísia
146579,Castrop,4,2374,0.6,True,1.0,3.0,,,,,,,,,,,,,,,,,,,Coreia do Sul
146583,Lee Tae-Seok,2,2374,2.4,True,2.0,2.0,,,,,,,,,,,,,,,,,,,Coreia do Sul
146584,Lee Han-Beom,3,2374,2.7,True,2.0,1.0,,,,,,,,,,,,,,,,,,,Coreia do Sul
146851,Pape Thiaw,6,2347,12.83,True,,,,,,,,,,1.0,,,,,,,,,,,Senegal
146870,Tounekti,5,2337,0.0,True,,,,,,,,,,,,,,,,,,,,,Tunísia
149616,Stroud,2,2368,-0.9,True,,3.0,,,,,,,,,,,,,,,,,,,Suécia
149722,Visinsky,4,2352,2.1,True,,,1.0,,,2.0,,,,,,,,,,,,,,,República Tcheca
149795,Memic,4,2865,2.0,True,1.0,,1.0,,,,,,,,,,,,,,,,,,Bósnia
149804,Falchener,3,2323,0.0,True,,,,,,,,,,,,,,,,,,,,,Noruega
149805,Manzambi,4,2320,13.1,True,,1.0,1.0,,,,1.0,,1.0,,1.0,,,,,,,,,,Suíça
149838,Cipenga,5,3184,1.6,True,,,,,,2.0,,,,,,,,,,,,,,,RD Congo
149843,Yakob,4,2342,-0.3,True,,1.0,,,,,,,,,,,,,,,,,,,Iraque
149845,Ali Yousif,5,2342,-0.3,True,,1.0,,,,,,,,,,,,,,,,,,,Iraque
149871,Adjetey,3,2375,0.0,True,,,,,,,,,,,,,,,,,,,,,Gana
149873,Peprah Oppong,3,2375,-1.3,True,,1.0,,,,,,,,,,,,1.0,,,,,,,Gana
149874,Asare,1,2375,0.6,True,,,,,,,,,,,,2.0,2.0,,,,,,,,Gana
149875,Yirenkyi,2,2375,-0.3,True,,1.0,,,,,,,,,,,,,,,,,,,Gana
150853,Sébastien Migné,6,2334,4.28,True,,,,,,,,,,,,,,,,,,,,,Haiti
150854,Expérience,2,2334,5.9,True,4.0,2.0,1.0,,,,,,,,,,,,,,,,,,Haiti
150856,Deedson,5,2334,-0.3,True,,1.0,,,,,,,,,,,,,,,,,,,Haiti
150866,Comenencia,4,3221,4.2,True,3.0,1.0,,,,,,,,,,,,,,,,,,,Curaçao
150875,Jamal Sellami,6,3231,2.97,True,,,,,,,,,,,,,,,,,,,,,Jordânia
150876,Noslin,2,3221,2.2,True,,,2.0,,1.0,,,,,,,,,,,,,,,,Curaçao
150879,Kastaneer,5,3221,-0.2,True,,,,,,1.0,,,,,,,,1.0,,,,,,,Curaçao
150885,Mohamed Ouahbi,6,2332,9.03,True,,,,,,,,,,1.0,,,,,,,,,,,Marrocos
150886,Mahmic,4,2865,10.5,True,2.0,,1.0,,,,,,1.0,,,,,1.0,,,,,,,Bósnia
150890,Zetterström,1,2368,1.6,True,,,,,,,,,,,,2.0,1.0,,,,,,,,Suécia
150891,Bernhardsson,5,2368,4.1,True,2.0,2.0,1.0,,1.0,,,,,,,,,,,,,,,,Suécia
150899,Gueye Laye,3,3238,1.0,True,,,2.0,,,,,,,,,,,,,,,,,,Catar
150901,Manai,4,3238,-0.6,True,,2.0,,,,,,,,,,,,,,,,,,,Catar
150909,Inao Oulaï,4,2350,6.7,True,4.0,1.0,2.0,,,,,,,,,,,,,,,,,,Costa do Marfim
150910,Touré,5,2350,0.0,True,,,,,,,,,,,,,,,,,,,,,Costa do Marfim
150912,Simon,4,2334,0.5,True,,,1.0,,,,,,,,,,,,,,,,,,Haiti
150920,Lee Gi-Hyuk,3,2374,2.7,True,2.0,1.0,,,,,,,,,,,,,,,,,,,Coreia do Sul
150925,Hélio Varela,5,3201,0.2,True,,1.0,1.0,,,,,,,,,,,,,,,,,,Cabo Verde
150926,Wagner Pina,2,3201,6.7,True,1.0,1.0,3.0,1.0,,,,,,,,,,1.0,,,,,,,Cabo Verde
150929,Fonville,3,3221,4.2,True,3.0,1.0,,,,,,,,,,,,,,,,,,,Curaçao
150942,Abdelkarim,5,2324,-0.3,True,,1.0,,,,,,,,,,,,,,,,,,,Egito
150950,Qasem,4,2342,0.0,True,,,,,,,,,,,,,,,,,,,,,Iraque
150963,Mozgovoy,4,3061,7.5,True,1.0,,2.0,,,,,,,,1.0,,,,,,,,,,Uzbequistão
150964,Alizhonov,2,3061,5.7,True,4.0,1.0,,,,,,,,,,,,,,,,,,,Uzbequistão
150965,Sergeev,5,3061,0.0,True,,,,,,,,,,,,,,,,,,,,,Uzbequistão
150966,Nasrullaev,2,3061,2.4,True,2.0,2.0,2.0,,,,,,,,,,,1.0,,,,,,,Uzbequistão
150967,Khamdamov,4,3061,2.6,True,2.0,1.0,,,,,1.0,,,,,,,,,,,,,,Uzbequistão
150968,Urozov,3,3061,1.5,True,1.0,,,,,,,,,,,,,,,,,,,,Uzbequistão
150978,Thomas-Asante,5,2375,0.5,True,,,1.0,,,,,,,,,,,,,,,,,,Gana
150979,Yassine,5,2332,8.2,True,,1.0,1.0,,,,,,1.0,,,,,,,,,,,,Marrocos
150983,Mbokazi,3,2358,11.0,True,4.0,,,1.0,,,,,,,,,,,,,,,,,África do Sul
150984,Mofokeng,4,2358,3.1,True,1.0,,,,,2.0,,,,,,,,,,,,,,,África do Sul
150986,Okon,3,2358,6.5,True,1.0,,,1.0,,,,,,,,,,,,,,,,,África do Sul
150988,Mbatha,4,2358,4.7,True,2.0,1.0,,,1.0,1.0,,,,,,,,,,,,,,,África do Sul
150990,Moremi,4,2358,6.7,True,1.0,1.0,1.0,,,,,,,,1.0,,,,,,,,,,África do Sul
151023,Belaïd,3,2338,-0.1,True,,,,,,,1.0,,,,,,,,,,,,,,Argélia
151027,Belghali,2,2338,11.8,True,2.0,,,,,1.0,,,1.0,,,,,,,,,,,,Argélia
151029,Benbot,1,2338,-1.2,True,,,1.0,,,,,,,,,1.0,3.0,,,,,,,,Argélia
151030,Chergui,2,2338,0.0,True,,,,,,,,,,,,,,,,,,,,,Argélia
151035,Yengi,5,2333,1.2,True,,,,,1.0,,,,,,,,,,,,,,,,Austrália
151036,Herrington,3,2333,6.2,True,1.0,1.0,,1.0,,,,,,,,,,,,,,,,,Austrália
151038,Okon-Engstler,4,2333,0.0,True,,,,,,,,,,,,,,,,,,,,,Austrália
151039,Beach,1,2333,7.6,True,,,,1.0,,,,,,,,2.0,,,,,,,,,Austrália
151061,Jamous,4,3231,-0.3,True,,1.0,,,,,,,,,,,,,,,,,,,Jordânia
151062,Odeh Fakhoury,5,3231,0.1,True,,1.0,1.0,,,,1.0,,,,,,,,,,,,,,Jordânia
151063,Azaizeh,5,3231,4.3,True,2.0,,1.0,,,1.0,,,,,,,,,,,,,,,Jordânia
151065,Abu Dahab,3,3231,1.2,True,1.0,1.0,,,,,,,,,,,,,,,,,,,Jordânia
